candidate_id,recruiter,role,seniority,department,source,stage,stage_order,date_entered,date_exited,duration_days,final_outcome
CAND-0001,Sofia R,Product Manager,Mid,Product,client,CV Sent,1,2024-09-11,2024-09-13,2,Dropped
CAND-0001,Sofia R,Product Manager,Mid,Product,client,Remoti Screening,2,2024-09-13,2024-09-15,2,Dropped
CAND-0001,Sofia R,Product Manager,Mid,Product,client,Test Sent,3,2024-09-15,2024-09-25,10,Dropped
CAND-0002,Camila P,Mid Software Engineer,Mid,Engineering,remoti,CV Sent,1,2025-08-01,2025-08-03,2,Hired
CAND-0002,Camila P,Mid Software Engineer,Mid,Engineering,remoti,Remoti Screening,2,2025-08-03,2025-08-10,7,Hired
CAND-0002,Camila P,Mid Software Engineer,Mid,Engineering,remoti,Test Sent,3,2025-08-10,2025-08-15,5,Hired
CAND-0002,Camila P,Mid Software Engineer,Mid,Engineering,remoti,Test Reviewed,4,2025-08-15,2025-08-18,3,Hired
CAND-0002,Camila P,Mid Software Engineer,Mid,Engineering,remoti,Sezzle Prescreening,5,2025-08-18,2025-08-20,2,Hired
CAND-0002,Camila P,Mid Software Engineer,Mid,Engineering,remoti,Sezzle Interview,6,2025-08-20,2025-08-25,5,Hired
CAND-0002,Camila P,Mid Software Engineer,Mid,Engineering,remoti,Offer,7,2025-08-25,2025-08-29,4,Hired
CAND-0002,Camila P,Mid Software Engineer,Mid,Engineering,remoti,Hired,8,2025-08-29,2025-08-30,1,Hired
CAND-0003,Sofia R,Junior Software Engineer,Junior,Engineering,remoti,CV Sent,1,2024-12-22,2024-12-27,5,Dropped
CAND-0003,Sofia R,Junior Software Engineer,Junior,Engineering,remoti,Remoti Screening,2,2024-12-27,2024-12-29,2,Dropped
CAND-0003,Sofia R,Junior Software Engineer,Junior,Engineering,remoti,Test Sent,3,2024-12-29,2025-01-08,10,Dropped
CAND-0004,Juan S,Sr Software Engineer,Senior,Engineering,remoti,CV Sent,1,2025-01-09,2025-01-14,5,Dropped
CAND-0004,Juan S,Sr Software Engineer,Senior,Engineering,remoti,Remoti Screening,2,2025-01-14,2025-01-16,2,Dropped
CAND-0005,Sofia R,IT Vendor Manager,Senior,Operations,remoti,CV Sent,1,2025-04-13,2025-04-16,3,Dropped
CAND-0005,Sofia R,IT Vendor Manager,Senior,Operations,remoti,Remoti Screening,2,2025-04-16,2025-04-20,4,Dropped
CAND-0006,Juan S,Junior Software Engineer,Junior,Engineering,remoti,CV Sent,1,2026-01-20,2026-01-22,2,Dropped
CAND-0006,Juan S,Junior Software Engineer,Junior,Engineering,remoti,Remoti Screening,2,2026-01-22,2026-01-27,5,Dropped
CAND-0006,Juan S,Junior Software Engineer,Junior,Engineering,remoti,Test Sent,3,2026-01-27,2026-02-06,10,Dropped
CAND-0006,Juan S,Junior Software Engineer,Junior,Engineering,remoti,Test Reviewed,4,2026-02-06,2026-02-09,3,Dropped
CAND-0006,Juan S,Junior Software Engineer,Junior,Engineering,remoti,Sezzle Prescreening,5,2026-02-09,2026-02-17,8,Dropped
CAND-0007,Andres M,Sr Software Engineer,Senior,Engineering,client,CV Sent,1,2025-08-07,2025-08-10,3,Dropped
CAND-0007,Andres M,Sr Software Engineer,Senior,Engineering,client,Remoti Screening,2,2025-08-10,2025-08-15,5,Dropped
CAND-0007,Andres M,Sr Software Engineer,Senior,Engineering,client,Test Sent,3,2025-08-15,2025-08-24,9,Dropped
CAND-0008,Camila P,Sr Software Engineer,Senior,Engineering,remoti,CV Sent,1,2025-08-24,2025-08-28,4,Dropped
CAND-0008,Camila P,Sr Software Engineer,Senior,Engineering,remoti,Remoti Screening,2,2025-08-28,2025-08-31,3,Dropped
CAND-0008,Camila P,Sr Software Engineer,Senior,Engineering,remoti,Test Sent,3,2025-08-31,2025-09-03,3,Dropped
CAND-0008,Camila P,Sr Software Engineer,Senior,Engineering,remoti,Test Reviewed,4,2025-09-03,2025-09-10,7,Dropped
CAND-0009,Diego L,Product Manager,Mid,Product,remoti,CV Sent,1,2025-04-28,2025-05-03,5,Hired
CAND-0009,Diego L,Product Manager,Mid,Product,remoti,Remoti Screening,2,2025-05-03,2025-05-09,6,Hired
CAND-0009,Diego L,Product Manager,Mid,Product,remoti,Test Sent,3,2025-05-09,2025-05-11,2,Hired
CAND-0009,Diego L,Product Manager,Mid,Product,remoti,Test Reviewed,4,2025-05-11,2025-05-12,1,Hired
CAND-0009,Diego L,Product Manager,Mid,Product,remoti,Sezzle Prescreening,5,2025-05-12,2025-05-18,6,Hired
CAND-0009,Diego L,Product Manager,Mid,Product,remoti,Sezzle Interview,6,2025-05-18,2025-05-26,8,Hired
CAND-0009,Diego L,Product Manager,Mid,Product,remoti,Offer,7,2025-05-26,2025-05-31,5,Hired
CAND-0009,Diego L,Product Manager,Mid,Product,remoti,Hired,8,2025-05-31,2025-06-01,1,Hired
CAND-0010,Camila P,IT Operations,Junior,Operations,client,CV Sent,1,2025-10-06,2025-10-09,3,Dropped
CAND-0010,Camila P,IT Operations,Junior,Operations,client,Remoti Screening,2,2025-10-09,2025-10-15,6,Dropped
CAND-0010,Camila P,IT Operations,Junior,Operations,client,Test Sent,3,2025-10-15,2025-10-19,4,Dropped
CAND-0010,Camila P,IT Operations,Junior,Operations,client,Test Reviewed,4,2025-10-19,2025-10-21,2,Dropped
CAND-0010,Camila P,IT Operations,Junior,Operations,client,Sezzle Prescreening,5,2025-10-21,2025-10-29,8,Dropped
CAND-0010,Camila P,IT Operations,Junior,Operations,client,Sezzle Interview,6,2025-10-29,2025-11-01,3,Dropped
CAND-0010,Camila P,IT Operations,Junior,Operations,client,Offer,7,2025-11-01,2025-11-06,5,Dropped
CAND-0011,Camila P,Junior Software Engineer,Junior,Engineering,client,CV Sent,1,2024-04-01,2024-04-05,4,Dropped
CAND-0011,Camila P,Junior Software Engineer,Junior,Engineering,client,Remoti Screening,2,2024-04-05,2024-04-11,6,Dropped
CAND-0011,Camila P,Junior Software Engineer,Junior,Engineering,client,Test Sent,3,2024-04-11,2024-04-15,4,Dropped
CAND-0011,Camila P,Junior Software Engineer,Junior,Engineering,client,Test Reviewed,4,2024-04-15,2024-04-20,5,Dropped
CAND-0012,Camila P,Sr AI Engineer,Senior,Engineering,client,CV Sent,1,2025-12-11,2025-12-13,2,Dropped
CAND-0012,Camila P,Sr AI Engineer,Senior,Engineering,client,Remoti Screening,2,2025-12-13,2025-12-18,5,Dropped
CAND-0012,Camila P,Sr AI Engineer,Senior,Engineering,client,Test Sent,3,2025-12-18,2025-12-25,7,Dropped
CAND-0012,Camila P,Sr AI Engineer,Senior,Engineering,client,Test Reviewed,4,2025-12-25,2025-12-30,5,Dropped
CAND-0012,Camila P,Sr AI Engineer,Senior,Engineering,client,Sezzle Prescreening,5,2025-12-30,2026-01-02,3,Dropped
CAND-0012,Camila P,Sr AI Engineer,Senior,Engineering,client,Sezzle Interview,6,2026-01-02,2026-01-10,8,Dropped
CAND-0013,Juan S,Junior Software Engineer,Junior,Engineering,remoti,CV Sent,1,2024-08-26,2024-08-27,1,Dropped
CAND-0013,Juan S,Junior Software Engineer,Junior,Engineering,remoti,Remoti Screening,2,2024-08-27,2024-08-31,4,Dropped
CAND-0014,Andres M,Mid Software Engineer,Mid,Engineering,client,CV Sent,1,2025-08-11,2025-08-16,5,Dropped
CAND-0014,Andres M,Mid Software Engineer,Mid,Engineering,client,Remoti Screening,2,2025-08-16,2025-08-21,5,Dropped
CAND-0014,Andres M,Mid Software Engineer,Mid,Engineering,client,Test Sent,3,2025-08-21,2025-08-26,5,Dropped
CAND-0015,Juan S,Mobile Engineer,Mid,Engineering,remoti,CV Sent,1,2025-11-04,2025-11-05,1,Dropped
CAND-0016,Camila P,Mid Software Engineer,Mid,Engineering,remoti,CV Sent,1,2025-03-12,2025-03-14,2,Dropped
CAND-0016,Camila P,Mid Software Engineer,Mid,Engineering,remoti,Remoti Screening,2,2025-03-14,2025-03-17,3,Dropped
CAND-0016,Camila P,Mid Software Engineer,Mid,Engineering,remoti,Test Sent,3,2025-03-17,2025-03-20,3,Dropped
CAND-0016,Camila P,Mid Software Engineer,Mid,Engineering,remoti,Test Reviewed,4,2025-03-20,2025-03-27,7,Dropped
CAND-0016,Camila P,Mid Software Engineer,Mid,Engineering,remoti,Sezzle Prescreening,5,2025-03-27,2025-03-29,2,Dropped
CAND-0017,Andres M,Sr AI Engineer,Senior,Engineering,remoti,CV Sent,1,2025-05-16,2025-05-20,4,Hired
CAND-0017,Andres M,Sr AI Engineer,Senior,Engineering,remoti,Remoti Screening,2,2025-05-20,2025-05-25,5,Hired
CAND-0017,Andres M,Sr AI Engineer,Senior,Engineering,remoti,Test Sent,3,2025-05-25,2025-05-29,4,Hired
CAND-0017,Andres M,Sr AI Engineer,Senior,Engineering,remoti,Test Reviewed,4,2025-05-29,2025-06-02,4,Hired
CAND-0017,Andres M,Sr AI Engineer,Senior,Engineering,remoti,Sezzle Prescreening,5,2025-06-02,2025-06-10,8,Hired
CAND-0017,Andres M,Sr AI Engineer,Senior,Engineering,remoti,Sezzle Interview,6,2025-06-10,2025-06-17,7,Hired
CAND-0017,Andres M,Sr AI Engineer,Senior,Engineering,remoti,Offer,7,2025-06-17,2025-06-24,7,Hired
CAND-0017,Andres M,Sr AI Engineer,Senior,Engineering,remoti,Hired,8,2025-06-24,2025-06-27,3,Hired
CAND-0018,Valentina C,Mid Software Engineer,Mid,Engineering,remoti,CV Sent,1,2024-03-04,2024-03-09,5,Dropped
CAND-0018,Valentina C,Mid Software Engineer,Mid,Engineering,remoti,Remoti Screening,2,2024-03-09,2024-03-11,2,Dropped
CAND-0018,Valentina C,Mid Software Engineer,Mid,Engineering,remoti,Test Sent,3,2024-03-11,2024-03-13,2,Dropped
CAND-0019,Camila P,Junior Software Engineer,Junior,Engineering,remoti,CV Sent,1,2024-07-13,2024-07-14,1,Dropped
CAND-0019,Camila P,Junior Software Engineer,Junior,Engineering,remoti,Remoti Screening,2,2024-07-14,2024-07-21,7,Dropped
CAND-0019,Camila P,Junior Software Engineer,Junior,Engineering,remoti,Test Sent,3,2024-07-21,2024-07-29,8,Dropped
CAND-0020,Camila P,Product Manager,Mid,Product,remoti,CV Sent,1,2025-11-08,2025-11-13,5,Dropped
CAND-0020,Camila P,Product Manager,Mid,Product,remoti,Remoti Screening,2,2025-11-13,2025-11-17,4,Dropped
CAND-0020,Camila P,Product Manager,Mid,Product,remoti,Test Sent,3,2025-11-17,2025-11-22,5,Dropped
CAND-0020,Camila P,Product Manager,Mid,Product,remoti,Test Reviewed,4,2025-11-22,2025-11-25,3,Dropped
CAND-0021,Valentina C,Sr Software Engineer,Senior,Engineering,client,CV Sent,1,2024-03-19,2024-03-20,1,Hired
CAND-0021,Valentina C,Sr Software Engineer,Senior,Engineering,client,Remoti Screening,2,2024-03-20,2024-03-26,6,Hired
CAND-0021,Valentina C,Sr Software Engineer,Senior,Engineering,client,Test Sent,3,2024-03-26,2024-03-29,3,Hired
CAND-0021,Valentina C,Sr Software Engineer,Senior,Engineering,client,Test Reviewed,4,2024-03-29,2024-04-03,5,Hired
CAND-0021,Valentina C,Sr Software Engineer,Senior,Engineering,client,Sezzle Prescreening,5,2024-04-03,2024-04-07,4,Hired
CAND-0021,Valentina C,Sr Software Engineer,Senior,Engineering,client,Sezzle Interview,6,2024-04-07,2024-04-13,6,Hired
CAND-0021,Valentina C,Sr Software Engineer,Senior,Engineering,client,Offer,7,2024-04-13,2024-04-16,3,Hired
CAND-0021,Valentina C,Sr Software Engineer,Senior,Engineering,client,Hired,8,2024-04-16,2024-04-19,3,Hired
CAND-0022,Juan S,Product Manager,Mid,Product,remoti,CV Sent,1,2025-11-18,2025-11-23,5,Dropped
CAND-0022,Juan S,Product Manager,Mid,Product,remoti,Remoti Screening,2,2025-11-23,2025-11-30,7,Dropped
CAND-0023,Juan S,Fraud Ops,Junior,Operations,remoti,CV Sent,1,2024-10-09,2024-10-12,3,Dropped
CAND-0023,Juan S,Fraud Ops,Junior,Operations,remoti,Remoti Screening,2,2024-10-12,2024-10-19,7,Dropped
CAND-0023,Juan S,Fraud Ops,Junior,Operations,remoti,Test Sent,3,2024-10-19,2024-10-25,6,Dropped
CAND-0023,Juan S,Fraud Ops,Junior,Operations,remoti,Test Reviewed,4,2024-10-25,2024-10-28,3,Dropped
CAND-0023,Juan S,Fraud Ops,Junior,Operations,remoti,Sezzle Prescreening,5,2024-10-28,2024-11-05,8,Dropped
CAND-0024,Andres M,Junior Software Engineer,Junior,Engineering,remoti,CV Sent,1,2024-09-29,2024-10-01,2,Dropped
CAND-0024,Andres M,Junior Software Engineer,Junior,Engineering,remoti,Remoti Screening,2,2024-10-01,2024-10-07,6,Dropped
CAND-0024,Andres M,Junior Software Engineer,Junior,Engineering,remoti,Test Sent,3,2024-10-07,2024-10-17,10,Dropped
CAND-0025,Valentina C,Data Engineer,Mid,Engineering,remoti,CV Sent,1,2024-06-04,2024-06-08,4,Dropped
CAND-0025,Valentina C,Data Engineer,Mid,Engineering,remoti,Remoti Screening,2,2024-06-08,2024-06-12,4,Dropped
CAND-0025,Valentina C,Data Engineer,Mid,Engineering,remoti,Test Sent,3,2024-06-12,2024-06-14,2,Dropped
CAND-0025,Valentina C,Data Engineer,Mid,Engineering,remoti,Test Reviewed,4,2024-06-14,2024-06-16,2,Dropped
CAND-0025,Valentina C,Data Engineer,Mid,Engineering,remoti,Sezzle Prescreening,5,2024-06-16,2024-06-23,7,Dropped
CAND-0026,Andres M,IT Operations,Junior,Operations,client,CV Sent,1,2024-07-04,2024-07-08,4,Dropped
CAND-0027,Juan S,IT Vendor Manager,Senior,Operations,client,CV Sent,1,2024-10-04,2024-10-06,2,Dropped
CAND-0027,Juan S,IT Vendor Manager,Senior,Operations,client,Remoti Screening,2,2024-10-06,2024-10-08,2,Dropped
CAND-0027,Juan S,IT Vendor Manager,Senior,Operations,client,Test Sent,3,2024-10-08,2024-10-10,2,Dropped
CAND-0027,Juan S,IT Vendor Manager,Senior,Operations,client,Test Reviewed,4,2024-10-10,2024-10-12,2,Dropped
CAND-0028,Andres M,IT Vendor Manager,Senior,Operations,remoti,CV Sent,1,2025-11-10,2025-11-12,2,Hired
CAND-0028,Andres M,IT Vendor Manager,Senior,Operations,remoti,Remoti Screening,2,2025-11-12,2025-11-16,4,Hired
CAND-0028,Andres M,IT Vendor Manager,Senior,Operations,remoti,Test Sent,3,2025-11-16,2025-11-22,6,Hired
CAND-0028,Andres M,IT Vendor Manager,Senior,Operations,remoti,Test Reviewed,4,2025-11-22,2025-11-27,5,Hired
CAND-0028,Andres M,IT Vendor Manager,Senior,Operations,remoti,Sezzle Prescreening,5,2025-11-27,2025-12-05,8,Hired
CAND-0028,Andres M,IT Vendor Manager,Senior,Operations,remoti,Sezzle Interview,6,2025-12-05,2025-12-08,3,Hired
CAND-0028,Andres M,IT Vendor Manager,Senior,Operations,remoti,Offer,7,2025-12-08,2025-12-12,4,Hired
CAND-0028,Andres M,IT Vendor Manager,Senior,Operations,remoti,Hired,8,2025-12-12,2025-12-14,2,Hired
CAND-0029,Valentina C,Product Manager,Mid,Product,client,CV Sent,1,2024-11-21,2024-11-25,4,Dropped
CAND-0029,Valentina C,Product Manager,Mid,Product,client,Remoti Screening,2,2024-11-25,2024-12-01,6,Dropped
CAND-0030,Diego L,Junior Software Engineer,Junior,Engineering,remoti,CV Sent,1,2025-07-09,2025-07-11,2,Hired
CAND-0030,Diego L,Junior Software Engineer,Junior,Engineering,remoti,Remoti Screening,2,2025-07-11,2025-07-13,2,Hired
CAND-0030,Diego L,Junior Software Engineer,Junior,Engineering,remoti,Test Sent,3,2025-07-13,2025-07-20,7,Hired
CAND-0030,Diego L,Junior Software Engineer,Junior,Engineering,remoti,Test Reviewed,4,2025-07-20,2025-07-26,6,Hired
CAND-0030,Diego L,Junior Software Engineer,Junior,Engineering,remoti,Sezzle Prescreening,5,2025-07-26,2025-08-02,7,Hired
CAND-0030,Diego L,Junior Software Engineer,Junior,Engineering,remoti,Sezzle Interview,6,2025-08-02,2025-08-13,11,Hired
CAND-0030,Diego L,Junior Software Engineer,Junior,Engineering,remoti,Offer,7,2025-08-13,2025-08-18,5,Hired
CAND-0030,Diego L,Junior Software Engineer,Junior,Engineering,remoti,Hired,8,2025-08-18,2025-08-21,3,Hired
CAND-0031,Diego L,Mid Software Engineer,Mid,Engineering,remoti,CV Sent,1,2025-01-27,2025-01-29,2,Hired
CAND-0031,Diego L,Mid Software Engineer,Mid,Engineering,remoti,Remoti Screening,2,2025-01-29,2025-02-02,4,Hired
CAND-0031,Diego L,Mid Software Engineer,Mid,Engineering,remoti,Test Sent,3,2025-02-02,2025-02-04,2,Hired
CAND-0031,Diego L,Mid Software Engineer,Mid,Engineering,remoti,Test Reviewed,4,2025-02-04,2025-02-06,2,Hired
CAND-0031,Diego L,Mid Software Engineer,Mid,Engineering,remoti,Sezzle Prescreening,5,2025-02-06,2025-02-12,6,Hired
CAND-0031,Diego L,Mid Software Engineer,Mid,Engineering,remoti,Sezzle Interview,6,2025-02-12,2025-02-20,8,Hired
CAND-0031,Diego L,Mid Software Engineer,Mid,Engineering,remoti,Offer,7,2025-02-20,2025-02-25,5,Hired
CAND-0031,Diego L,Mid Software Engineer,Mid,Engineering,remoti,Hired,8,2025-02-25,2025-02-28,3,Hired
CAND-0032,Valentina C,Product Manager,Mid,Product,remoti,CV Sent,1,2025-10-14,2025-10-19,5,Dropped
CAND-0032,Valentina C,Product Manager,Mid,Product,remoti,Remoti Screening,2,2025-10-19,2025-10-22,3,Dropped
CAND-0032,Valentina C,Product Manager,Mid,Product,remoti,Test Sent,3,2025-10-22,2025-10-27,5,Dropped
CAND-0032,Valentina C,Product Manager,Mid,Product,remoti,Test Reviewed,4,2025-10-27,2025-10-29,2,Dropped
CAND-0033,Sofia R,IT Vendor Manager,Senior,Operations,remoti,CV Sent,1,2025-10-10,2025-10-15,5,Hired
CAND-0033,Sofia R,IT Vendor Manager,Senior,Operations,remoti,Remoti Screening,2,2025-10-15,2025-10-22,7,Hired
CAND-0033,Sofia R,IT Vendor Manager,Senior,Operations,remoti,Test Sent,3,2025-10-22,2025-10-30,8,Hired
CAND-0033,Sofia R,IT Vendor Manager,Senior,Operations,remoti,Test Reviewed,4,2025-10-30,2025-11-05,6,Hired
CAND-0033,Sofia R,IT Vendor Manager,Senior,Operations,remoti,Sezzle Prescreening,5,2025-11-05,2025-11-13,8,Hired
CAND-0033,Sofia R,IT Vendor Manager,Senior,Operations,remoti,Sezzle Interview,6,2025-11-13,2025-11-17,4,Hired
CAND-0033,Sofia R,IT Vendor Manager,Senior,Operations,remoti,Offer,7,2025-11-17,2025-11-20,3,Hired
CAND-0033,Sofia R,IT Vendor Manager,Senior,Operations,remoti,Hired,8,2025-11-20,2025-11-23,3,Hired
CAND-0034,Andres M,Junior Software Engineer,Junior,Engineering,client,CV Sent,1,2024-05-08,2024-05-12,4,Hired
CAND-0034,Andres M,Junior Software Engineer,Junior,Engineering,client,Remoti Screening,2,2024-05-12,2024-05-17,5,Hired
CAND-0034,Andres M,Junior Software Engineer,Junior,Engineering,client,Test Sent,3,2024-05-17,2024-05-27,10,Hired
CAND-0034,Andres M,Junior Software Engineer,Junior,Engineering,client,Test Reviewed,4,2024-05-27,2024-06-03,7,Hired
CAND-0034,Andres M,Junior Software Engineer,Junior,Engineering,client,Sezzle Prescreening,5,2024-06-03,2024-06-09,6,Hired
CAND-0034,Andres M,Junior Software Engineer,Junior,Engineering,client,Sezzle Interview,6,2024-06-09,2024-06-20,11,Hired
CAND-0034,Andres M,Junior Software Engineer,Junior,Engineering,client,Offer,7,2024-06-20,2024-06-26,6,Hired
CAND-0034,Andres M,Junior Software Engineer,Junior,Engineering,client,Hired,8,2024-06-26,2024-06-27,1,Hired
CAND-0035,Andres M,Sr Software Engineer,Senior,Engineering,client,CV Sent,1,2024-10-14,2024-10-19,5,Hired
CAND-0035,Andres M,Sr Software Engineer,Senior,Engineering,client,Remoti Screening,2,2024-10-19,2024-10-22,3,Hired
CAND-0035,Andres M,Sr Software Engineer,Senior,Engineering,client,Test Sent,3,2024-10-22,2024-10-25,3,Hired
CAND-0035,Andres M,Sr Software Engineer,Senior,Engineering,client,Test Reviewed,4,2024-10-25,2024-10-27,2,Hired
CAND-0035,Andres M,Sr Software Engineer,Senior,Engineering,client,Sezzle Prescreening,5,2024-10-27,2024-10-31,4,Hired
CAND-0035,Andres M,Sr Software Engineer,Senior,Engineering,client,Sezzle Interview,6,2024-10-31,2024-11-04,4,Hired
CAND-0035,Andres M,Sr Software Engineer,Senior,Engineering,client,Offer,7,2024-11-04,2024-11-07,3,Hired
CAND-0035,Andres M,Sr Software Engineer,Senior,Engineering,client,Hired,8,2024-11-07,2024-11-08,1,Hired
CAND-0036,Diego L,Junior Software Engineer,Junior,Engineering,remoti,CV Sent,1,2025-04-26,2025-04-30,4,Dropped
CAND-0037,Sofia R,Sr AI Engineer,Senior,Engineering,client,CV Sent,1,2026-02-26,2026-03-03,5,Hired
CAND-0037,Sofia R,Sr AI Engineer,Senior,Engineering,client,Remoti Screening,2,2026-03-03,2026-03-05,2,Hired
CAND-0037,Sofia R,Sr AI Engineer,Senior,Engineering,client,Test Sent,3,2026-03-05,2026-03-11,6,Hired
CAND-0037,Sofia R,Sr AI Engineer,Senior,Engineering,client,Test Reviewed,4,2026-03-11,2026-03-18,7,Hired
CAND-0037,Sofia R,Sr AI Engineer,Senior,Engineering,client,Sezzle Prescreening,5,2026-03-18,2026-03-26,8,Hired
CAND-0037,Sofia R,Sr AI Engineer,Senior,Engineering,client,Sezzle Interview,6,2026-03-26,2026-04-06,11,Hired
CAND-0037,Sofia R,Sr AI Engineer,Senior,Engineering,client,Offer,7,2026-04-06,2026-04-09,3,Hired
CAND-0037,Sofia R,Sr AI Engineer,Senior,Engineering,client,Hired,8,2026-04-09,2026-04-11,2,Hired
CAND-0038,Valentina C,Junior Software Engineer,Junior,Engineering,remoti,CV Sent,1,2026-04-01,2026-04-05,4,Dropped
CAND-0038,Valentina C,Junior Software Engineer,Junior,Engineering,remoti,Remoti Screening,2,2026-04-05,2026-04-10,5,Dropped
CAND-0038,Valentina C,Junior Software Engineer,Junior,Engineering,remoti,Test Sent,3,2026-04-10,2026-04-20,10,Dropped
CAND-0039,Juan S,Junior Software Engineer,Junior,Engineering,remoti,CV Sent,1,2025-04-21,2025-04-23,2,Dropped
CAND-0040,Diego L,Sr Software Engineer,Senior,Engineering,remoti,CV Sent,1,2025-03-11,2025-03-14,3,Dropped
CAND-0040,Diego L,Sr Software Engineer,Senior,Engineering,remoti,Remoti Screening,2,2025-03-14,2025-03-19,5,Dropped
CAND-0041,Juan S,Product Manager,Mid,Product,remoti,CV Sent,1,2024-02-05,2024-02-07,2,Dropped
CAND-0041,Juan S,Product Manager,Mid,Product,remoti,Remoti Screening,2,2024-02-07,2024-02-09,2,Dropped
CAND-0041,Juan S,Product Manager,Mid,Product,remoti,Test Sent,3,2024-02-09,2024-02-14,5,Dropped
CAND-0042,Valentina C,Mobile Engineer,Mid,Engineering,client,CV Sent,1,2024-06-24,2024-06-29,5,Hired
CAND-0042,Valentina C,Mobile Engineer,Mid,Engineering,client,Remoti Screening,2,2024-06-29,2024-07-06,7,Hired
CAND-0042,Valentina C,Mobile Engineer,Mid,Engineering,client,Test Sent,3,2024-07-06,2024-07-10,4,Hired
CAND-0042,Valentina C,Mobile Engineer,Mid,Engineering,client,Test Reviewed,4,2024-07-10,2024-07-11,1,Hired
CAND-0042,Valentina C,Mobile Engineer,Mid,Engineering,client,Sezzle Prescreening,5,2024-07-11,2024-07-15,4,Hired
CAND-0042,Valentina C,Mobile Engineer,Mid,Engineering,client,Sezzle Interview,6,2024-07-15,2024-07-24,9,Hired
CAND-0042,Valentina C,Mobile Engineer,Mid,Engineering,client,Offer,7,2024-07-24,2024-07-31,7,Hired
CAND-0042,Valentina C,Mobile Engineer,Mid,Engineering,client,Hired,8,2024-07-31,2024-08-03,3,Hired
CAND-0043,Juan S,Mid Software Engineer,Mid,Engineering,client,CV Sent,1,2025-12-05,2025-12-10,5,Hired
CAND-0043,Juan S,Mid Software Engineer,Mid,Engineering,client,Remoti Screening,2,2025-12-10,2025-12-16,6,Hired
CAND-0043,Juan S,Mid Software Engineer,Mid,Engineering,client,Test Sent,3,2025-12-16,2025-12-23,7,Hired
CAND-0043,Juan S,Mid Software Engineer,Mid,Engineering,client,Test Reviewed,4,2025-12-23,2025-12-29,6,Hired
CAND-0043,Juan S,Mid Software Engineer,Mid,Engineering,client,Sezzle Prescreening,5,2025-12-29,2026-01-04,6,Hired
CAND-0043,Juan S,Mid Software Engineer,Mid,Engineering,client,Sezzle Interview,6,2026-01-04,2026-01-07,3,Hired
CAND-0043,Juan S,Mid Software Engineer,Mid,Engineering,client,Offer,7,2026-01-07,2026-01-12,5,Hired
CAND-0043,Juan S,Mid Software Engineer,Mid,Engineering,client,Hired,8,2026-01-12,2026-01-14,2,Hired
CAND-0044,Diego L,Product Designer,Mid,Product,remoti,CV Sent,1,2025-06-22,2025-06-25,3,Hired
CAND-0044,Diego L,Product Designer,Mid,Product,remoti,Remoti Screening,2,2025-06-25,2025-07-01,6,Hired
CAND-0044,Diego L,Product Designer,Mid,Product,remoti,Test Sent,3,2025-07-01,2025-07-10,9,Hired
CAND-0044,Diego L,Product Designer,Mid,Product,remoti,Test Reviewed,4,2025-07-10,2025-07-16,6,Hired
CAND-0044,Diego L,Product Designer,Mid,Product,remoti,Sezzle Prescreening,5,2025-07-16,2025-07-20,4,Hired
CAND-0044,Diego L,Product Designer,Mid,Product,remoti,Sezzle Interview,6,2025-07-20,2025-07-24,4,Hired
CAND-0044,Diego L,Product Designer,Mid,Product,remoti,Offer,7,2025-07-24,2025-07-29,5,Hired
CAND-0044,Diego L,Product Designer,Mid,Product,remoti,Hired,8,2025-07-29,2025-07-31,2,Hired
CAND-0045,Valentina C,Product Manager,Mid,Product,remoti,CV Sent,1,2024-12-02,2024-12-04,2,Hired
CAND-0045,Valentina C,Product Manager,Mid,Product,remoti,Remoti Screening,2,2024-12-04,2024-12-08,4,Hired
CAND-0045,Valentina C,Product Manager,Mid,Product,remoti,Test Sent,3,2024-12-08,2024-12-15,7,Hired
CAND-0045,Valentina C,Product Manager,Mid,Product,remoti,Test Reviewed,4,2024-12-15,2024-12-20,5,Hired
CAND-0045,Valentina C,Product Manager,Mid,Product,remoti,Sezzle Prescreening,5,2024-12-20,2024-12-24,4,Hired
CAND-0045,Valentina C,Product Manager,Mid,Product,remoti,Sezzle Interview,6,2024-12-24,2025-01-04,11,Hired
CAND-0045,Valentina C,Product Manager,Mid,Product,remoti,Offer,7,2025-01-04,2025-01-06,2,Hired
CAND-0045,Valentina C,Product Manager,Mid,Product,remoti,Hired,8,2025-01-06,2025-01-08,2,Hired
CAND-0046,Juan S,IT Operations,Junior,Operations,remoti,CV Sent,1,2026-01-02,2026-01-06,4,Dropped
CAND-0046,Juan S,IT Operations,Junior,Operations,remoti,Remoti Screening,2,2026-01-06,2026-01-08,2,Dropped
CAND-0047,Camila P,Sr Software Engineer,Senior,Engineering,remoti,CV Sent,1,2025-07-24,2025-07-29,5,Dropped
CAND-0047,Camila P,Sr Software Engineer,Senior,Engineering,remoti,Remoti Screening,2,2025-07-29,2025-08-05,7,Dropped
CAND-0047,Camila P,Sr Software Engineer,Senior,Engineering,remoti,Test Sent,3,2025-08-05,2025-08-12,7,Dropped
CAND-0047,Camila P,Sr Software Engineer,Senior,Engineering,remoti,Test Reviewed,4,2025-08-12,2025-08-15,3,Dropped
CAND-0047,Camila P,Sr Software Engineer,Senior,Engineering,remoti,Sezzle Prescreening,5,2025-08-15,2025-08-18,3,Dropped
CAND-0048,Juan S,Sr AI Engineer,Senior,Engineering,remoti,CV Sent,1,2024-08-13,2024-08-17,4,Hired
CAND-0048,Juan S,Sr AI Engineer,Senior,Engineering,remoti,Remoti Screening,2,2024-08-17,2024-08-23,6,Hired
CAND-0048,Juan S,Sr AI Engineer,Senior,Engineering,remoti,Test Sent,3,2024-08-23,2024-09-02,10,Hired
CAND-0048,Juan S,Sr AI Engineer,Senior,Engineering,remoti,Test Reviewed,4,2024-09-02,2024-09-03,1,Hired
CAND-0048,Juan S,Sr AI Engineer,Senior,Engineering,remoti,Sezzle Prescreening,5,2024-09-03,2024-09-07,4,Hired
CAND-0048,Juan S,Sr AI Engineer,Senior,Engineering,remoti,Sezzle Interview,6,2024-09-07,2024-09-12,5,Hired
CAND-0048,Juan S,Sr AI Engineer,Senior,Engineering,remoti,Offer,7,2024-09-12,2024-09-19,7,Hired
CAND-0048,Juan S,Sr AI Engineer,Senior,Engineering,remoti,Hired,8,2024-09-19,2024-09-21,2,Hired
CAND-0049,Juan S,Data Engineer,Mid,Engineering,client,CV Sent,1,2025-10-19,2025-10-23,4,Dropped
CAND-0049,Juan S,Data Engineer,Mid,Engineering,client,Remoti Screening,2,2025-10-23,2025-10-25,2,Dropped
CAND-0049,Juan S,Data Engineer,Mid,Engineering,client,Test Sent,3,2025-10-25,2025-11-03,9,Dropped
CAND-0049,Juan S,Data Engineer,Mid,Engineering,client,Test Reviewed,4,2025-11-03,2025-11-06,3,Dropped
CAND-0050,Diego L,IT Vendor Manager,Senior,Operations,remoti,CV Sent,1,2025-08-17,2025-08-18,1,Hired
CAND-0050,Diego L,IT Vendor Manager,Senior,Operations,remoti,Remoti Screening,2,2025-08-18,2025-08-24,6,Hired
CAND-0050,Diego L,IT Vendor Manager,Senior,Operations,remoti,Test Sent,3,2025-08-24,2025-08-27,3,Hired
CAND-0050,Diego L,IT Vendor Manager,Senior,Operations,remoti,Test Reviewed,4,2025-08-27,2025-08-28,1,Hired
CAND-0050,Diego L,IT Vendor Manager,Senior,Operations,remoti,Sezzle Prescreening,5,2025-08-28,2025-09-02,5,Hired
CAND-0050,Diego L,IT Vendor Manager,Senior,Operations,remoti,Sezzle Interview,6,2025-09-02,2025-09-14,12,Hired
CAND-0050,Diego L,IT Vendor Manager,Senior,Operations,remoti,Offer,7,2025-09-14,2025-09-20,6,Hired
CAND-0050,Diego L,IT Vendor Manager,Senior,Operations,remoti,Hired,8,2025-09-20,2025-09-22,2,Hired
CAND-0051,Valentina C,Sr AI Engineer,Senior,Engineering,remoti,CV Sent,1,2024-03-06,2024-03-11,5,Dropped
CAND-0051,Valentina C,Sr AI Engineer,Senior,Engineering,remoti,Remoti Screening,2,2024-03-11,2024-03-13,2,Dropped
CAND-0051,Valentina C,Sr AI Engineer,Senior,Engineering,remoti,Test Sent,3,2024-03-13,2024-03-18,5,Dropped
CAND-0051,Valentina C,Sr AI Engineer,Senior,Engineering,remoti,Test Reviewed,4,2024-03-18,2024-03-21,3,Dropped
CAND-0051,Valentina C,Sr AI Engineer,Senior,Engineering,remoti,Sezzle Prescreening,5,2024-03-21,2024-03-24,3,Dropped
CAND-0051,Valentina C,Sr AI Engineer,Senior,Engineering,remoti,Sezzle Interview,6,2024-03-24,2024-04-04,11,Dropped
CAND-0052,Sofia R,Mobile Engineer,Mid,Engineering,remoti,CV Sent,1,2025-12-28,2025-12-31,3,Dropped
CAND-0052,Sofia R,Mobile Engineer,Mid,Engineering,remoti,Remoti Screening,2,2025-12-31,2026-01-05,5,Dropped
CAND-0053,Andres M,Product Manager,Mid,Product,remoti,CV Sent,1,2025-07-15,2025-07-17,2,Dropped
CAND-0053,Andres M,Product Manager,Mid,Product,remoti,Remoti Screening,2,2025-07-17,2025-07-21,4,Dropped
CAND-0053,Andres M,Product Manager,Mid,Product,remoti,Test Sent,3,2025-07-21,2025-07-24,3,Dropped
CAND-0054,Diego L,Fraud Ops,Junior,Operations,remoti,CV Sent,1,2025-12-10,2025-12-13,3,Dropped
CAND-0054,Diego L,Fraud Ops,Junior,Operations,remoti,Remoti Screening,2,2025-12-13,2025-12-17,4,Dropped
CAND-0054,Diego L,Fraud Ops,Junior,Operations,remoti,Test Sent,3,2025-12-17,2025-12-26,9,Dropped
CAND-0054,Diego L,Fraud Ops,Junior,Operations,remoti,Test Reviewed,4,2025-12-26,2025-12-31,5,Dropped
CAND-0055,Sofia R,Mid Software Engineer,Mid,Engineering,remoti,CV Sent,1,2025-11-25,2025-11-30,5,Hired
CAND-0055,Sofia R,Mid Software Engineer,Mid,Engineering,remoti,Remoti Screening,2,2025-11-30,2025-12-02,2,Hired
CAND-0055,Sofia R,Mid Software Engineer,Mid,Engineering,remoti,Test Sent,3,2025-12-02,2025-12-08,6,Hired
CAND-0055,Sofia R,Mid Software Engineer,Mid,Engineering,remoti,Test Reviewed,4,2025-12-08,2025-12-15,7,Hired
CAND-0055,Sofia R,Mid Software Engineer,Mid,Engineering,remoti,Sezzle Prescreening,5,2025-12-15,2025-12-20,5,Hired
CAND-0055,Sofia R,Mid Software Engineer,Mid,Engineering,remoti,Sezzle Interview,6,2025-12-20,2025-12-30,10,Hired
CAND-0055,Sofia R,Mid Software Engineer,Mid,Engineering,remoti,Offer,7,2025-12-30,2026-01-02,3,Hired
CAND-0055,Sofia R,Mid Software Engineer,Mid,Engineering,remoti,Hired,8,2026-01-02,2026-01-04,2,Hired
CAND-0056,Diego L,Sr AI Engineer,Senior,Engineering,remoti,CV Sent,1,2024-12-11,2024-12-14,3,Dropped
CAND-0056,Diego L,Sr AI Engineer,Senior,Engineering,remoti,Remoti Screening,2,2024-12-14,2024-12-17,3,Dropped
CAND-0056,Diego L,Sr AI Engineer,Senior,Engineering,remoti,Test Sent,3,2024-12-17,2024-12-26,9,Dropped
CAND-0056,Diego L,Sr AI Engineer,Senior,Engineering,remoti,Test Reviewed,4,2024-12-26,2024-12-30,4,Dropped
CAND-0056,Diego L,Sr AI Engineer,Senior,Engineering,remoti,Sezzle Prescreening,5,2024-12-30,2025-01-05,6,Dropped
CAND-0057,Diego L,Mid Software Engineer,Mid,Engineering,client,CV Sent,1,2024-01-06,2024-01-11,5,Dropped
CAND-0057,Diego L,Mid Software Engineer,Mid,Engineering,client,Remoti Screening,2,2024-01-11,2024-01-13,2,Dropped
CAND-0058,Sofia R,Mobile Engineer,Mid,Engineering,remoti,CV Sent,1,2025-07-20,2025-07-22,2,Dropped
CAND-0058,Sofia R,Mobile Engineer,Mid,Engineering,remoti,Remoti Screening,2,2025-07-22,2025-07-27,5,Dropped
CAND-0058,Sofia R,Mobile Engineer,Mid,Engineering,remoti,Test Sent,3,2025-07-27,2025-08-05,9,Dropped
CAND-0059,Valentina C,Product Designer,Mid,Product,remoti,CV Sent,1,2025-07-23,2025-07-27,4,Hired
CAND-0059,Valentina C,Product Designer,Mid,Product,remoti,Remoti Screening,2,2025-07-27,2025-07-29,2,Hired
CAND-0059,Valentina C,Product Designer,Mid,Product,remoti,Test Sent,3,2025-07-29,2025-08-01,3,Hired
CAND-0059,Valentina C,Product Designer,Mid,Product,remoti,Test Reviewed,4,2025-08-01,2025-08-03,2,Hired
CAND-0059,Valentina C,Product Designer,Mid,Product,remoti,Sezzle Prescreening,5,2025-08-03,2025-08-10,7,Hired
CAND-0059,Valentina C,Product Designer,Mid,Product,remoti,Sezzle Interview,6,2025-08-10,2025-08-17,7,Hired
CAND-0059,Valentina C,Product Designer,Mid,Product,remoti,Offer,7,2025-08-17,2025-08-22,5,Hired
CAND-0059,Valentina C,Product Designer,Mid,Product,remoti,Hired,8,2025-08-22,2025-08-23,1,Hired
CAND-0060,Andres M,Mid Software Engineer,Mid,Engineering,client,CV Sent,1,2025-06-08,2025-06-10,2,Dropped
CAND-0060,Andres M,Mid Software Engineer,Mid,Engineering,client,Remoti Screening,2,2025-06-10,2025-06-14,4,Dropped
CAND-0060,Andres M,Mid Software Engineer,Mid,Engineering,client,Test Sent,3,2025-06-14,2025-06-22,8,Dropped
CAND-0060,Andres M,Mid Software Engineer,Mid,Engineering,client,Test Reviewed,4,2025-06-22,2025-06-29,7,Dropped
CAND-0060,Andres M,Mid Software Engineer,Mid,Engineering,client,Sezzle Prescreening,5,2025-06-29,2025-07-07,8,Dropped
CAND-0061,Diego L,Sr AI Engineer,Senior,Engineering,client,CV Sent,1,2025-04-06,2025-04-11,5,Hired
CAND-0061,Diego L,Sr AI Engineer,Senior,Engineering,client,Remoti Screening,2,2025-04-11,2025-04-15,4,Hired
CAND-0061,Diego L,Sr AI Engineer,Senior,Engineering,client,Test Sent,3,2025-04-15,2025-04-25,10,Hired
CAND-0061,Diego L,Sr AI Engineer,Senior,Engineering,client,Test Reviewed,4,2025-04-25,2025-04-28,3,Hired
CAND-0061,Diego L,Sr AI Engineer,Senior,Engineering,client,Sezzle Prescreening,5,2025-04-28,2025-05-05,7,Hired
CAND-0061,Diego L,Sr AI Engineer,Senior,Engineering,client,Sezzle Interview,6,2025-05-05,2025-05-14,9,Hired
CAND-0061,Diego L,Sr AI Engineer,Senior,Engineering,client,Offer,7,2025-05-14,2025-05-19,5,Hired
CAND-0061,Diego L,Sr AI Engineer,Senior,Engineering,client,Hired,8,2025-05-19,2025-05-22,3,Hired
CAND-0062,Juan S,Sr Software Engineer,Senior,Engineering,client,CV Sent,1,2025-11-02,2025-11-04,2,Dropped
CAND-0062,Juan S,Sr Software Engineer,Senior,Engineering,client,Remoti Screening,2,2025-11-04,2025-11-06,2,Dropped
CAND-0063,Diego L,Fraud Ops,Junior,Operations,remoti,CV Sent,1,2025-04-16,2025-04-17,1,Dropped
CAND-0063,Diego L,Fraud Ops,Junior,Operations,remoti,Remoti Screening,2,2025-04-17,2025-04-22,5,Dropped
CAND-0063,Diego L,Fraud Ops,Junior,Operations,remoti,Test Sent,3,2025-04-22,2025-04-26,4,Dropped
CAND-0064,Diego L,Product Manager,Mid,Product,remoti,CV Sent,1,2024-12-06,2024-12-11,5,Hired
CAND-0064,Diego L,Product Manager,Mid,Product,remoti,Remoti Screening,2,2024-12-11,2024-12-15,4,Hired
CAND-0064,Diego L,Product Manager,Mid,Product,remoti,Test Sent,3,2024-12-15,2024-12-24,9,Hired
CAND-0064,Diego L,Product Manager,Mid,Product,remoti,Test Reviewed,4,2024-12-24,2024-12-25,1,Hired
CAND-0064,Diego L,Product Manager,Mid,Product,remoti,Sezzle Prescreening,5,2024-12-25,2024-12-28,3,Hired
CAND-0064,Diego L,Product Manager,Mid,Product,remoti,Sezzle Interview,6,2024-12-28,2025-01-04,7,Hired
CAND-0064,Diego L,Product Manager,Mid,Product,remoti,Offer,7,2025-01-04,2025-01-11,7,Hired
CAND-0064,Diego L,Product Manager,Mid,Product,remoti,Hired,8,2025-01-11,2025-01-12,1,Hired
CAND-0065,Juan S,Mobile Engineer,Mid,Engineering,remoti,CV Sent,1,2024-02-03,2024-02-04,1,Hired
CAND-0065,Juan S,Mobile Engineer,Mid,Engineering,remoti,Remoti Screening,2,2024-02-04,2024-02-06,2,Hired
CAND-0065,Juan S,Mobile Engineer,Mid,Engineering,remoti,Test Sent,3,2024-02-06,2024-02-13,7,Hired
CAND-0065,Juan S,Mobile Engineer,Mid,Engineering,remoti,Test Reviewed,4,2024-02-13,2024-02-15,2,Hired
CAND-0065,Juan S,Mobile Engineer,Mid,Engineering,remoti,Sezzle Prescreening,5,2024-02-15,2024-02-21,6,Hired
CAND-0065,Juan S,Mobile Engineer,Mid,Engineering,remoti,Sezzle Interview,6,2024-02-21,2024-02-26,5,Hired
CAND-0065,Juan S,Mobile Engineer,Mid,Engineering,remoti,Offer,7,2024-02-26,2024-02-28,2,Hired
CAND-0065,Juan S,Mobile Engineer,Mid,Engineering,remoti,Hired,8,2024-02-28,2024-03-01,2,Hired
CAND-0066,Camila P,Mid Software Engineer,Mid,Engineering,remoti,CV Sent,1,2025-04-21,2025-04-24,3,Dropped
CAND-0066,Camila P,Mid Software Engineer,Mid,Engineering,remoti,Remoti Screening,2,2025-04-24,2025-05-01,7,Dropped
CAND-0067,Sofia R,Data Engineer,Mid,Engineering,remoti,CV Sent,1,2024-12-23,2024-12-28,5,Hired
CAND-0067,Sofia R,Data Engineer,Mid,Engineering,remoti,Remoti Screening,2,2024-12-28,2025-01-02,5,Hired
CAND-0067,Sofia R,Data Engineer,Mid,Engineering,remoti,Test Sent,3,2025-01-02,2025-01-11,9,Hired
CAND-0067,Sofia R,Data Engineer,Mid,Engineering,remoti,Test Reviewed,4,2025-01-11,2025-01-13,2,Hired
CAND-0067,Sofia R,Data Engineer,Mid,Engineering,remoti,Sezzle Prescreening,5,2025-01-13,2025-01-21,8,Hired
CAND-0067,Sofia R,Data Engineer,Mid,Engineering,remoti,Sezzle Interview,6,2025-01-21,2025-01-27,6,Hired
CAND-0067,Sofia R,Data Engineer,Mid,Engineering,remoti,Offer,7,2025-01-27,2025-01-31,4,Hired
CAND-0067,Sofia R,Data Engineer,Mid,Engineering,remoti,Hired,8,2025-01-31,2025-02-03,3,Hired
CAND-0068,Juan S,Sr AI Engineer,Senior,Engineering,remoti,CV Sent,1,2024-01-13,2024-01-18,5,Hired
CAND-0068,Juan S,Sr AI Engineer,Senior,Engineering,remoti,Remoti Screening,2,2024-01-18,2024-01-25,7,Hired
CAND-0068,Juan S,Sr AI Engineer,Senior,Engineering,remoti,Test Sent,3,2024-01-25,2024-02-03,9,Hired
CAND-0068,Juan S,Sr AI Engineer,Senior,Engineering,remoti,Test Reviewed,4,2024-02-03,2024-02-06,3,Hired
CAND-0068,Juan S,Sr AI Engineer,Senior,Engineering,remoti,Sezzle Prescreening,5,2024-02-06,2024-02-09,3,Hired
CAND-0068,Juan S,Sr AI Engineer,Senior,Engineering,remoti,Sezzle Interview,6,2024-02-09,2024-02-17,8,Hired
CAND-0068,Juan S,Sr AI Engineer,Senior,Engineering,remoti,Offer,7,2024-02-17,2024-02-20,3,Hired
CAND-0068,Juan S,Sr AI Engineer,Senior,Engineering,remoti,Hired,8,2024-02-20,2024-02-23,3,Hired
CAND-0069,Juan S,IT Vendor Manager,Senior,Operations,remoti,CV Sent,1,2025-10-08,2025-10-09,1,Dropped
CAND-0069,Juan S,IT Vendor Manager,Senior,Operations,remoti,Remoti Screening,2,2025-10-09,2025-10-14,5,Dropped
CAND-0070,Valentina C,Fraud Ops,Junior,Operations,client,CV Sent,1,2024-07-02,2024-07-04,2,Hired
CAND-0070,Valentina C,Fraud Ops,Junior,Operations,client,Remoti Screening,2,2024-07-04,2024-07-10,6,Hired
CAND-0070,Valentina C,Fraud Ops,Junior,Operations,client,Test Sent,3,2024-07-10,2024-07-17,7,Hired
CAND-0070,Valentina C,Fraud Ops,Junior,Operations,client,Test Reviewed,4,2024-07-17,2024-07-20,3,Hired
CAND-0070,Valentina C,Fraud Ops,Junior,Operations,client,Sezzle Prescreening,5,2024-07-20,2024-07-24,4,Hired
CAND-0070,Valentina C,Fraud Ops,Junior,Operations,client,Sezzle Interview,6,2024-07-24,2024-08-03,10,Hired
CAND-0070,Valentina C,Fraud Ops,Junior,Operations,client,Offer,7,2024-08-03,2024-08-07,4,Hired
CAND-0070,Valentina C,Fraud Ops,Junior,Operations,client,Hired,8,2024-08-07,2024-08-09,2,Hired
CAND-0071,Andres M,Sr AI Engineer,Senior,Engineering,client,CV Sent,1,2024-08-23,2024-08-27,4,Dropped
CAND-0071,Andres M,Sr AI Engineer,Senior,Engineering,client,Remoti Screening,2,2024-08-27,2024-09-02,6,Dropped
CAND-0071,Andres M,Sr AI Engineer,Senior,Engineering,client,Test Sent,3,2024-09-02,2024-09-10,8,Dropped
CAND-0072,Juan S,Product Manager,Mid,Product,remoti,CV Sent,1,2025-01-29,2025-02-01,3,Dropped
CAND-0072,Juan S,Product Manager,Mid,Product,remoti,Remoti Screening,2,2025-02-01,2025-02-04,3,Dropped
CAND-0072,Juan S,Product Manager,Mid,Product,remoti,Test Sent,3,2025-02-04,2025-02-14,10,Dropped
CAND-0072,Juan S,Product Manager,Mid,Product,remoti,Test Reviewed,4,2025-02-14,2025-02-19,5,Dropped
CAND-0073,Sofia R,Product Manager,Mid,Product,remoti,CV Sent,1,2024-02-12,2024-02-15,3,Dropped
CAND-0073,Sofia R,Product Manager,Mid,Product,remoti,Remoti Screening,2,2024-02-15,2024-02-17,2,Dropped
CAND-0074,Juan S,Mobile Engineer,Mid,Engineering,client,CV Sent,1,2025-12-18,2025-12-23,5,Dropped
CAND-0074,Juan S,Mobile Engineer,Mid,Engineering,client,Remoti Screening,2,2025-12-23,2025-12-30,7,Dropped
CAND-0074,Juan S,Mobile Engineer,Mid,Engineering,client,Test Sent,3,2025-12-30,2026-01-07,8,Dropped
CAND-0074,Juan S,Mobile Engineer,Mid,Engineering,client,Test Reviewed,4,2026-01-07,2026-01-14,7,Dropped
CAND-0074,Juan S,Mobile Engineer,Mid,Engineering,client,Sezzle Prescreening,5,2026-01-14,2026-01-19,5,Dropped
CAND-0074,Juan S,Mobile Engineer,Mid,Engineering,client,Sezzle Interview,6,2026-01-19,2026-01-26,7,Dropped
CAND-0075,Valentina C,Sr AI Engineer,Senior,Engineering,remoti,CV Sent,1,2025-12-07,2025-12-10,3,Hired
CAND-0075,Valentina C,Sr AI Engineer,Senior,Engineering,remoti,Remoti Screening,2,2025-12-10,2025-12-17,7,Hired
CAND-0075,Valentina C,Sr AI Engineer,Senior,Engineering,remoti,Test Sent,3,2025-12-17,2025-12-25,8,Hired
CAND-0075,Valentina C,Sr AI Engineer,Senior,Engineering,remoti,Test Reviewed,4,2025-12-25,2025-12-26,1,Hired
CAND-0075,Valentina C,Sr AI Engineer,Senior,Engineering,remoti,Sezzle Prescreening,5,2025-12-26,2026-01-03,8,Hired
CAND-0075,Valentina C,Sr AI Engineer,Senior,Engineering,remoti,Sezzle Interview,6,2026-01-03,2026-01-09,6,Hired
CAND-0075,Valentina C,Sr AI Engineer,Senior,Engineering,remoti,Offer,7,2026-01-09,2026-01-15,6,Hired
CAND-0075,Valentina C,Sr AI Engineer,Senior,Engineering,remoti,Hired,8,2026-01-15,2026-01-16,1,Hired
CAND-0076,Camila P,Sr AI Engineer,Senior,Engineering,remoti,CV Sent,1,2026-02-26,2026-03-03,5,Dropped
CAND-0076,Camila P,Sr AI Engineer,Senior,Engineering,remoti,Remoti Screening,2,2026-03-03,2026-03-06,3,Dropped
CAND-0076,Camila P,Sr AI Engineer,Senior,Engineering,remoti,Test Sent,3,2026-03-06,2026-03-11,5,Dropped
CAND-0076,Camila P,Sr AI Engineer,Senior,Engineering,remoti,Test Reviewed,4,2026-03-11,2026-03-13,2,Dropped
CAND-0076,Camila P,Sr AI Engineer,Senior,Engineering,remoti,Sezzle Prescreening,5,2026-03-13,2026-03-19,6,Dropped
CAND-0077,Andres M,Data Engineer,Mid,Engineering,remoti,CV Sent,1,2024-01-31,2024-02-02,2,Dropped
CAND-0078,Andres M,Sr Software Engineer,Senior,Engineering,remoti,CV Sent,1,2024-05-13,2024-05-17,4,Dropped
CAND-0078,Andres M,Sr Software Engineer,Senior,Engineering,remoti,Remoti Screening,2,2024-05-17,2024-05-24,7,Dropped
CAND-0079,Diego L,Product Manager,Mid,Product,remoti,CV Sent,1,2025-09-25,2025-09-26,1,Dropped
CAND-0079,Diego L,Product Manager,Mid,Product,remoti,Remoti Screening,2,2025-09-26,2025-10-03,7,Dropped
CAND-0079,Diego L,Product Manager,Mid,Product,remoti,Test Sent,3,2025-10-03,2025-10-12,9,Dropped
CAND-0079,Diego L,Product Manager,Mid,Product,remoti,Test Reviewed,4,2025-10-12,2025-10-13,1,Dropped
CAND-0080,Diego L,Product Manager,Mid,Product,client,CV Sent,1,2025-04-03,2025-04-04,1,Dropped
CAND-0080,Diego L,Product Manager,Mid,Product,client,Remoti Screening,2,2025-04-04,2025-04-08,4,Dropped
CAND-0080,Diego L,Product Manager,Mid,Product,client,Test Sent,3,2025-04-08,2025-04-11,3,Dropped
CAND-0081,Diego L,Product Designer,Mid,Product,client,CV Sent,1,2025-07-01,2025-07-04,3,Hired
CAND-0081,Diego L,Product Designer,Mid,Product,client,Remoti Screening,2,2025-07-04,2025-07-10,6,Hired
CAND-0081,Diego L,Product Designer,Mid,Product,client,Test Sent,3,2025-07-10,2025-07-13,3,Hired
CAND-0081,Diego L,Product Designer,Mid,Product,client,Test Reviewed,4,2025-07-13,2025-07-19,6,Hired
CAND-0081,Diego L,Product Designer,Mid,Product,client,Sezzle Prescreening,5,2025-07-19,2025-07-25,6,Hired
CAND-0081,Diego L,Product Designer,Mid,Product,client,Sezzle Interview,6,2025-07-25,2025-07-31,6,Hired
CAND-0081,Diego L,Product Designer,Mid,Product,client,Offer,7,2025-07-31,2025-08-03,3,Hired
CAND-0081,Diego L,Product Designer,Mid,Product,client,Hired,8,2025-08-03,2025-08-05,2,Hired
CAND-0082,Valentina C,Product Designer,Mid,Product,remoti,CV Sent,1,2025-11-16,2025-11-19,3,Dropped
CAND-0082,Valentina C,Product Designer,Mid,Product,remoti,Remoti Screening,2,2025-11-19,2025-11-22,3,Dropped
CAND-0082,Valentina C,Product Designer,Mid,Product,remoti,Test Sent,3,2025-11-22,2025-12-01,9,Dropped
CAND-0083,Juan S,Junior Software Engineer,Junior,Engineering,remoti,CV Sent,1,2024-05-17,2024-05-22,5,Dropped
CAND-0084,Diego L,Product Manager,Mid,Product,remoti,CV Sent,1,2025-11-16,2025-11-20,4,Dropped
CAND-0084,Diego L,Product Manager,Mid,Product,remoti,Remoti Screening,2,2025-11-20,2025-11-27,7,Dropped
CAND-0085,Camila P,Junior Software Engineer,Junior,Engineering,remoti,CV Sent,1,2025-11-07,2025-11-11,4,Hired
CAND-0085,Camila P,Junior Software Engineer,Junior,Engineering,remoti,Remoti Screening,2,2025-11-11,2025-11-13,2,Hired
CAND-0085,Camila P,Junior Software Engineer,Junior,Engineering,remoti,Test Sent,3,2025-11-13,2025-11-23,10,Hired
CAND-0085,Camila P,Junior Software Engineer,Junior,Engineering,remoti,Test Reviewed,4,2025-11-23,2025-11-30,7,Hired
CAND-0085,Camila P,Junior Software Engineer,Junior,Engineering,remoti,Sezzle Prescreening,5,2025-11-30,2025-12-03,3,Hired
CAND-0085,Camila P,Junior Software Engineer,Junior,Engineering,remoti,Sezzle Interview,6,2025-12-03,2025-12-14,11,Hired
CAND-0085,Camila P,Junior Software Engineer,Junior,Engineering,remoti,Offer,7,2025-12-14,2025-12-20,6,Hired
CAND-0085,Camila P,Junior Software Engineer,Junior,Engineering,remoti,Hired,8,2025-12-20,2025-12-23,3,Hired
CAND-0086,Juan S,Product Manager,Mid,Product,client,CV Sent,1,2024-10-04,2024-10-05,1,Hired
CAND-0086,Juan S,Product Manager,Mid,Product,client,Remoti Screening,2,2024-10-05,2024-10-12,7,Hired
CAND-0086,Juan S,Product Manager,Mid,Product,client,Test Sent,3,2024-10-12,2024-10-19,7,Hired
CAND-0086,Juan S,Product Manager,Mid,Product,client,Test Reviewed,4,2024-10-19,2024-10-21,2,Hired
CAND-0086,Juan S,Product Manager,Mid,Product,client,Sezzle Prescreening,5,2024-10-21,2024-10-27,6,Hired
CAND-0086,Juan S,Product Manager,Mid,Product,client,Sezzle Interview,6,2024-10-27,2024-10-31,4,Hired
CAND-0086,Juan S,Product Manager,Mid,Product,client,Offer,7,2024-10-31,2024-11-07,7,Hired
CAND-0086,Juan S,Product Manager,Mid,Product,client,Hired,8,2024-11-07,2024-11-08,1,Hired
CAND-0087,Diego L,Sr Software Engineer,Senior,Engineering,remoti,CV Sent,1,2025-01-17,2025-01-20,3,Dropped
CAND-0087,Diego L,Sr Software Engineer,Senior,Engineering,remoti,Remoti Screening,2,2025-01-20,2025-01-26,6,Dropped
CAND-0087,Diego L,Sr Software Engineer,Senior,Engineering,remoti,Test Sent,3,2025-01-26,2025-01-28,2,Dropped
CAND-0088,Diego L,Junior Software Engineer,Junior,Engineering,remoti,CV Sent,1,2025-05-16,2025-05-21,5,Dropped
CAND-0088,Diego L,Junior Software Engineer,Junior,Engineering,remoti,Remoti Screening,2,2025-05-21,2025-05-25,4,Dropped
CAND-0089,Juan S,Junior Software Engineer,Junior,Engineering,remoti,CV Sent,1,2025-05-17,2025-05-22,5,Dropped
CAND-0089,Juan S,Junior Software Engineer,Junior,Engineering,remoti,Remoti Screening,2,2025-05-22,2025-05-24,2,Dropped
CAND-0089,Juan S,Junior Software Engineer,Junior,Engineering,remoti,Test Sent,3,2025-05-24,2025-05-26,2,Dropped
CAND-0090,Valentina C,IT Operations,Junior,Operations,remoti,CV Sent,1,2024-01-12,2024-01-16,4,Dropped
CAND-0090,Valentina C,IT Operations,Junior,Operations,remoti,Remoti Screening,2,2024-01-16,2024-01-19,3,Dropped
CAND-0091,Juan S,Data Engineer,Mid,Engineering,client,CV Sent,1,2024-03-18,2024-03-22,4,Dropped
CAND-0091,Juan S,Data Engineer,Mid,Engineering,client,Remoti Screening,2,2024-03-22,2024-03-24,2,Dropped
CAND-0091,Juan S,Data Engineer,Mid,Engineering,client,Test Sent,3,2024-03-24,2024-04-02,9,Dropped
CAND-0091,Juan S,Data Engineer,Mid,Engineering,client,Test Reviewed,4,2024-04-02,2024-04-09,7,Dropped
CAND-0091,Juan S,Data Engineer,Mid,Engineering,client,Sezzle Prescreening,5,2024-04-09,2024-04-14,5,Dropped
CAND-0091,Juan S,Data Engineer,Mid,Engineering,client,Sezzle Interview,6,2024-04-14,2024-04-23,9,Dropped
CAND-0091,Juan S,Data Engineer,Mid,Engineering,client,Offer,7,2024-04-23,2024-04-28,5,Dropped
CAND-0092,Valentina C,IT Vendor Manager,Senior,Operations,remoti,CV Sent,1,2024-04-22,2024-04-24,2,Hired
CAND-0092,Valentina C,IT Vendor Manager,Senior,Operations,remoti,Remoti Screening,2,2024-04-24,2024-04-29,5,Hired
CAND-0092,Valentina C,IT Vendor Manager,Senior,Operations,remoti,Test Sent,3,2024-04-29,2024-05-07,8,Hired
CAND-0092,Valentina C,IT Vendor Manager,Senior,Operations,remoti,Test Reviewed,4,2024-05-07,2024-05-13,6,Hired
CAND-0092,Valentina C,IT Vendor Manager,Senior,Operations,remoti,Sezzle Prescreening,5,2024-05-13,2024-05-17,4,Hired
CAND-0092,Valentina C,IT Vendor Manager,Senior,Operations,remoti,Sezzle Interview,6,2024-05-17,2024-05-21,4,Hired
CAND-0092,Valentina C,IT Vendor Manager,Senior,Operations,remoti,Offer,7,2024-05-21,2024-05-23,2,Hired
CAND-0092,Valentina C,IT Vendor Manager,Senior,Operations,remoti,Hired,8,2024-05-23,2024-05-24,1,Hired
CAND-0093,Juan S,Product Designer,Mid,Product,client,CV Sent,1,2024-09-02,2024-09-03,1,Dropped
CAND-0093,Juan S,Product Designer,Mid,Product,client,Remoti Screening,2,2024-09-03,2024-09-06,3,Dropped
CAND-0094,Juan S,Mid Software Engineer,Mid,Engineering,remoti,CV Sent,1,2026-02-15,2026-02-20,5,Dropped
CAND-0094,Juan S,Mid Software Engineer,Mid,Engineering,remoti,Remoti Screening,2,2026-02-20,2026-02-25,5,Dropped
CAND-0094,Juan S,Mid Software Engineer,Mid,Engineering,remoti,Test Sent,3,2026-02-25,2026-03-04,7,Dropped
CAND-0094,Juan S,Mid Software Engineer,Mid,Engineering,remoti,Test Reviewed,4,2026-03-04,2026-03-10,6,Dropped
CAND-0094,Juan S,Mid Software Engineer,Mid,Engineering,remoti,Sezzle Prescreening,5,2026-03-10,2026-03-15,5,Dropped
CAND-0095,Valentina C,Product Manager,Mid,Product,remoti,CV Sent,1,2024-11-17,2024-11-21,4,Dropped
CAND-0095,Valentina C,Product Manager,Mid,Product,remoti,Remoti Screening,2,2024-11-21,2024-11-23,2,Dropped
CAND-0095,Valentina C,Product Manager,Mid,Product,remoti,Test Sent,3,2024-11-23,2024-11-29,6,Dropped
CAND-0096,Diego L,Product Manager,Mid,Product,remoti,CV Sent,1,2025-07-25,2025-07-26,1,Dropped
CAND-0096,Diego L,Product Manager,Mid,Product,remoti,Remoti Screening,2,2025-07-26,2025-08-01,6,Dropped
CAND-0096,Diego L,Product Manager,Mid,Product,remoti,Test Sent,3,2025-08-01,2025-08-08,7,Dropped
CAND-0096,Diego L,Product Manager,Mid,Product,remoti,Test Reviewed,4,2025-08-08,2025-08-13,5,Dropped
CAND-0097,Sofia R,Sr AI Engineer,Senior,Engineering,remoti,CV Sent,1,2024-06-29,2024-06-30,1,Hired
CAND-0097,Sofia R,Sr AI Engineer,Senior,Engineering,remoti,Remoti Screening,2,2024-06-30,2024-07-05,5,Hired
CAND-0097,Sofia R,Sr AI Engineer,Senior,Engineering,remoti,Test Sent,3,2024-07-05,2024-07-15,10,Hired
CAND-0097,Sofia R,Sr AI Engineer,Senior,Engineering,remoti,Test Reviewed,4,2024-07-15,2024-07-17,2,Hired
CAND-0097,Sofia R,Sr AI Engineer,Senior,Engineering,remoti,Sezzle Prescreening,5,2024-07-17,2024-07-21,4,Hired
CAND-0097,Sofia R,Sr AI Engineer,Senior,Engineering,remoti,Sezzle Interview,6,2024-07-21,2024-07-29,8,Hired
CAND-0097,Sofia R,Sr AI Engineer,Senior,Engineering,remoti,Offer,7,2024-07-29,2024-07-31,2,Hired
CAND-0097,Sofia R,Sr AI Engineer,Senior,Engineering,remoti,Hired,8,2024-07-31,2024-08-03,3,Hired
CAND-0098,Camila P,Sr Software Engineer,Senior,Engineering,remoti,CV Sent,1,2024-10-21,2024-10-24,3,Hired
CAND-0098,Camila P,Sr Software Engineer,Senior,Engineering,remoti,Remoti Screening,2,2024-10-24,2024-10-31,7,Hired
CAND-0098,Camila P,Sr Software Engineer,Senior,Engineering,remoti,Test Sent,3,2024-10-31,2024-11-04,4,Hired
CAND-0098,Camila P,Sr Software Engineer,Senior,Engineering,remoti,Test Reviewed,4,2024-11-04,2024-11-09,5,Hired
CAND-0098,Camila P,Sr Software Engineer,Senior,Engineering,remoti,Sezzle Prescreening,5,2024-11-09,2024-11-13,4,Hired
CAND-0098,Camila P,Sr Software Engineer,Senior,Engineering,remoti,Sezzle Interview,6,2024-11-13,2024-11-22,9,Hired
CAND-0098,Camila P,Sr Software Engineer,Senior,Engineering,remoti,Offer,7,2024-11-22,2024-11-29,7,Hired
CAND-0098,Camila P,Sr Software Engineer,Senior,Engineering,remoti,Hired,8,2024-11-29,2024-12-01,2,Hired
CAND-0099,Valentina C,Product Manager,Mid,Product,client,CV Sent,1,2025-11-21,2025-11-26,5,Dropped
CAND-0099,Valentina C,Product Manager,Mid,Product,client,Remoti Screening,2,2025-11-26,2025-12-03,7,Dropped
CAND-0099,Valentina C,Product Manager,Mid,Product,client,Test Sent,3,2025-12-03,2025-12-10,7,Dropped
CAND-0100,Diego L,Sr AI Engineer,Senior,Engineering,remoti,CV Sent,1,2024-05-24,2024-05-26,2,Dropped
CAND-0101,Juan S,IT Operations,Junior,Operations,client,CV Sent,1,2024-02-12,2024-02-15,3,Dropped
CAND-0101,Juan S,IT Operations,Junior,Operations,client,Remoti Screening,2,2024-02-15,2024-02-21,6,Dropped
CAND-0102,Camila P,IT Vendor Manager,Senior,Operations,client,CV Sent,1,2024-06-22,2024-06-26,4,Dropped
CAND-0103,Juan S,Product Manager,Mid,Product,client,CV Sent,1,2024-08-31,2024-09-05,5,Hired
CAND-0103,Juan S,Product Manager,Mid,Product,client,Remoti Screening,2,2024-09-05,2024-09-10,5,Hired
CAND-0103,Juan S,Product Manager,Mid,Product,client,Test Sent,3,2024-09-10,2024-09-15,5,Hired
CAND-0103,Juan S,Product Manager,Mid,Product,client,Test Reviewed,4,2024-09-15,2024-09-20,5,Hired
CAND-0103,Juan S,Product Manager,Mid,Product,client,Sezzle Prescreening,5,2024-09-20,2024-09-25,5,Hired
CAND-0103,Juan S,Product Manager,Mid,Product,client,Sezzle Interview,6,2024-09-25,2024-10-04,9,Hired
CAND-0103,Juan S,Product Manager,Mid,Product,client,Offer,7,2024-10-04,2024-10-09,5,Hired
CAND-0103,Juan S,Product Manager,Mid,Product,client,Hired,8,2024-10-09,2024-10-10,1,Hired
CAND-0104,Sofia R,Fraud Ops,Junior,Operations,remoti,CV Sent,1,2025-01-19,2025-01-24,5,Dropped
CAND-0104,Sofia R,Fraud Ops,Junior,Operations,remoti,Remoti Screening,2,2025-01-24,2025-01-31,7,Dropped
CAND-0104,Sofia R,Fraud Ops,Junior,Operations,remoti,Test Sent,3,2025-01-31,2025-02-03,3,Dropped
CAND-0104,Sofia R,Fraud Ops,Junior,Operations,remoti,Test Reviewed,4,2025-02-03,2025-02-10,7,Dropped
CAND-0105,Sofia R,IT Vendor Manager,Senior,Operations,client,CV Sent,1,2024-08-19,2024-08-23,4,Hired
CAND-0105,Sofia R,IT Vendor Manager,Senior,Operations,client,Remoti Screening,2,2024-08-23,2024-08-25,2,Hired
CAND-0105,Sofia R,IT Vendor Manager,Senior,Operations,client,Test Sent,3,2024-08-25,2024-09-02,8,Hired
CAND-0105,Sofia R,IT Vendor Manager,Senior,Operations,client,Test Reviewed,4,2024-09-02,2024-09-04,2,Hired
CAND-0105,Sofia R,IT Vendor Manager,Senior,Operations,client,Sezzle Prescreening,5,2024-09-04,2024-09-06,2,Hired
CAND-0105,Sofia R,IT Vendor Manager,Senior,Operations,client,Sezzle Interview,6,2024-09-06,2024-09-09,3,Hired
CAND-0105,Sofia R,IT Vendor Manager,Senior,Operations,client,Offer,7,2024-09-09,2024-09-11,2,Hired
CAND-0105,Sofia R,IT Vendor Manager,Senior,Operations,client,Hired,8,2024-09-11,2024-09-14,3,Hired
CAND-0106,Valentina C,Mid Software Engineer,Mid,Engineering,client,CV Sent,1,2025-05-02,2025-05-04,2,Hired
CAND-0106,Valentina C,Mid Software Engineer,Mid,Engineering,client,Remoti Screening,2,2025-05-04,2025-05-09,5,Hired
CAND-0106,Valentina C,Mid Software Engineer,Mid,Engineering,client,Test Sent,3,2025-05-09,2025-05-11,2,Hired
CAND-0106,Valentina C,Mid Software Engineer,Mid,Engineering,client,Test Reviewed,4,2025-05-11,2025-05-12,1,Hired
CAND-0106,Valentina C,Mid Software Engineer,Mid,Engineering,client,Sezzle Prescreening,5,2025-05-12,2025-05-20,8,Hired
CAND-0106,Valentina C,Mid Software Engineer,Mid,Engineering,client,Sezzle Interview,6,2025-05-20,2025-06-01,12,Hired
CAND-0106,Valentina C,Mid Software Engineer,Mid,Engineering,client,Offer,7,2025-06-01,2025-06-03,2,Hired
CAND-0106,Valentina C,Mid Software Engineer,Mid,Engineering,client,Hired,8,2025-06-03,2025-06-04,1,Hired
CAND-0107,Diego L,Junior Software Engineer,Junior,Engineering,remoti,CV Sent,1,2025-10-03,2025-10-07,4,Dropped
CAND-0108,Juan S,Data Engineer,Mid,Engineering,remoti,CV Sent,1,2024-09-08,2024-09-10,2,Dropped
CAND-0108,Juan S,Data Engineer,Mid,Engineering,remoti,Remoti Screening,2,2024-09-10,2024-09-12,2,Dropped
CAND-0108,Juan S,Data Engineer,Mid,Engineering,remoti,Test Sent,3,2024-09-12,2024-09-17,5,Dropped
CAND-0108,Juan S,Data Engineer,Mid,Engineering,remoti,Test Reviewed,4,2024-09-17,2024-09-19,2,Dropped
CAND-0108,Juan S,Data Engineer,Mid,Engineering,remoti,Sezzle Prescreening,5,2024-09-19,2024-09-21,2,Dropped
CAND-0108,Juan S,Data Engineer,Mid,Engineering,remoti,Sezzle Interview,6,2024-09-21,2024-09-29,8,Dropped
CAND-0109,Diego L,Data Engineer,Mid,Engineering,client,CV Sent,1,2024-02-18,2024-02-22,4,Dropped
CAND-0109,Diego L,Data Engineer,Mid,Engineering,client,Remoti Screening,2,2024-02-22,2024-02-26,4,Dropped
CAND-0109,Diego L,Data Engineer,Mid,Engineering,client,Test Sent,3,2024-02-26,2024-03-04,7,Dropped
CAND-0109,Diego L,Data Engineer,Mid,Engineering,client,Test Reviewed,4,2024-03-04,2024-03-07,3,Dropped
CAND-0110,Valentina C,Product Designer,Mid,Product,remoti,CV Sent,1,2024-12-30,2025-01-04,5,Dropped
CAND-0110,Valentina C,Product Designer,Mid,Product,remoti,Remoti Screening,2,2025-01-04,2025-01-11,7,Dropped
CAND-0111,Andres M,Product Manager,Mid,Product,remoti,CV Sent,1,2026-03-09,2026-03-13,4,Dropped
CAND-0112,Valentina C,Sr Software Engineer,Senior,Engineering,remoti,CV Sent,1,2025-07-14,2025-07-18,4,Dropped
CAND-0112,Valentina C,Sr Software Engineer,Senior,Engineering,remoti,Remoti Screening,2,2025-07-18,2025-07-25,7,Dropped
CAND-0113,Sofia R,Sr Software Engineer,Senior,Engineering,client,CV Sent,1,2025-03-27,2025-03-31,4,Hired
CAND-0113,Sofia R,Sr Software Engineer,Senior,Engineering,client,Remoti Screening,2,2025-03-31,2025-04-05,5,Hired
CAND-0113,Sofia R,Sr Software Engineer,Senior,Engineering,client,Test Sent,3,2025-04-05,2025-04-09,4,Hired
CAND-0113,Sofia R,Sr Software Engineer,Senior,Engineering,client,Test Reviewed,4,2025-04-09,2025-04-13,4,Hired
CAND-0113,Sofia R,Sr Software Engineer,Senior,Engineering,client,Sezzle Prescreening,5,2025-04-13,2025-04-21,8,Hired
CAND-0113,Sofia R,Sr Software Engineer,Senior,Engineering,client,Sezzle Interview,6,2025-04-21,2025-04-25,4,Hired
CAND-0113,Sofia R,Sr Software Engineer,Senior,Engineering,client,Offer,7,2025-04-25,2025-04-27,2,Hired
CAND-0113,Sofia R,Sr Software Engineer,Senior,Engineering,client,Hired,8,2025-04-27,2025-04-28,1,Hired
CAND-0114,Sofia R,Sr Software Engineer,Senior,Engineering,remoti,CV Sent,1,2024-11-02,2024-11-05,3,Hired
CAND-0114,Sofia R,Sr Software Engineer,Senior,Engineering,remoti,Remoti Screening,2,2024-11-05,2024-11-12,7,Hired
CAND-0114,Sofia R,Sr Software Engineer,Senior,Engineering,remoti,Test Sent,3,2024-11-12,2024-11-21,9,Hired
CAND-0114,Sofia R,Sr Software Engineer,Senior,Engineering,remoti,Test Reviewed,4,2024-11-21,2024-11-22,1,Hired
CAND-0114,Sofia R,Sr Software Engineer,Senior,Engineering,remoti,Sezzle Prescreening,5,2024-11-22,2024-11-26,4,Hired
CAND-0114,Sofia R,Sr Software Engineer,Senior,Engineering,remoti,Sezzle Interview,6,2024-11-26,2024-12-05,9,Hired
CAND-0114,Sofia R,Sr Software Engineer,Senior,Engineering,remoti,Offer,7,2024-12-05,2024-12-07,2,Hired
CAND-0114,Sofia R,Sr Software Engineer,Senior,Engineering,remoti,Hired,8,2024-12-07,2024-12-10,3,Hired
CAND-0115,Juan S,SRE,Senior,Engineering,remoti,CV Sent,1,2024-02-05,2024-02-07,2,Dropped
CAND-0115,Juan S,SRE,Senior,Engineering,remoti,Remoti Screening,2,2024-02-07,2024-02-14,7,Dropped
CAND-0115,Juan S,SRE,Senior,Engineering,remoti,Test Sent,3,2024-02-14,2024-02-16,2,Dropped
CAND-0116,Camila P,Sr Software Engineer,Senior,Engineering,remoti,CV Sent,1,2024-06-10,2024-06-14,4,Hired
CAND-0116,Camila P,Sr Software Engineer,Senior,Engineering,remoti,Remoti Screening,2,2024-06-14,2024-06-18,4,Hired
CAND-0116,Camila P,Sr Software Engineer,Senior,Engineering,remoti,Test Sent,3,2024-06-18,2024-06-21,3,Hired
CAND-0116,Camila P,Sr Software Engineer,Senior,Engineering,remoti,Test Reviewed,4,2024-06-21,2024-06-26,5,Hired
CAND-0116,Camila P,Sr Software Engineer,Senior,Engineering,remoti,Sezzle Prescreening,5,2024-06-26,2024-06-30,4,Hired
CAND-0116,Camila P,Sr Software Engineer,Senior,Engineering,remoti,Sezzle Interview,6,2024-06-30,2024-07-06,6,Hired
CAND-0116,Camila P,Sr Software Engineer,Senior,Engineering,remoti,Offer,7,2024-07-06,2024-07-08,2,Hired
CAND-0116,Camila P,Sr Software Engineer,Senior,Engineering,remoti,Hired,8,2024-07-08,2024-07-10,2,Hired
CAND-0117,Sofia R,Fraud Ops,Junior,Operations,remoti,CV Sent,1,2024-09-27,2024-10-01,4,Hired
CAND-0117,Sofia R,Fraud Ops,Junior,Operations,remoti,Remoti Screening,2,2024-10-01,2024-10-07,6,Hired
CAND-0117,Sofia R,Fraud Ops,Junior,Operations,remoti,Test Sent,3,2024-10-07,2024-10-16,9,Hired
CAND-0117,Sofia R,Fraud Ops,Junior,Operations,remoti,Test Reviewed,4,2024-10-16,2024-10-18,2,Hired
CAND-0117,Sofia R,Fraud Ops,Junior,Operations,remoti,Sezzle Prescreening,5,2024-10-18,2024-10-23,5,Hired
CAND-0117,Sofia R,Fraud Ops,Junior,Operations,remoti,Sezzle Interview,6,2024-10-23,2024-11-02,10,Hired
CAND-0117,Sofia R,Fraud Ops,Junior,Operations,remoti,Offer,7,2024-11-02,2024-11-09,7,Hired
CAND-0117,Sofia R,Fraud Ops,Junior,Operations,remoti,Hired,8,2024-11-09,2024-11-11,2,Hired
CAND-0118,Camila P,Product Designer,Mid,Product,remoti,CV Sent,1,2024-11-07,2024-11-09,2,Dropped
CAND-0118,Camila P,Product Designer,Mid,Product,remoti,Remoti Screening,2,2024-11-09,2024-11-16,7,Dropped
CAND-0118,Camila P,Product Designer,Mid,Product,remoti,Test Sent,3,2024-11-16,2024-11-23,7,Dropped
CAND-0118,Camila P,Product Designer,Mid,Product,remoti,Test Reviewed,4,2024-11-23,2024-11-24,1,Dropped
CAND-0118,Camila P,Product Designer,Mid,Product,remoti,Sezzle Prescreening,5,2024-11-24,2024-12-02,8,Dropped
CAND-0119,Valentina C,Data Engineer,Mid,Engineering,remoti,CV Sent,1,2025-07-22,2025-07-24,2,Dropped
CAND-0119,Valentina C,Data Engineer,Mid,Engineering,remoti,Remoti Screening,2,2025-07-24,2025-07-26,2,Dropped
CAND-0120,Diego L,SRE,Senior,Engineering,client,CV Sent,1,2024-03-20,2024-03-22,2,Dropped
CAND-0120,Diego L,SRE,Senior,Engineering,client,Remoti Screening,2,2024-03-22,2024-03-29,7,Dropped
CAND-0121,Camila P,Mid Software Engineer,Mid,Engineering,remoti,CV Sent,1,2024-07-09,2024-07-11,2,Dropped
CAND-0121,Camila P,Mid Software Engineer,Mid,Engineering,remoti,Remoti Screening,2,2024-07-11,2024-07-13,2,Dropped
CAND-0121,Camila P,Mid Software Engineer,Mid,Engineering,remoti,Test Sent,3,2024-07-13,2024-07-23,10,Dropped
CAND-0122,Camila P,Sr Software Engineer,Senior,Engineering,client,CV Sent,1,2024-03-25,2024-03-28,3,Hired
CAND-0122,Camila P,Sr Software Engineer,Senior,Engineering,client,Remoti Screening,2,2024-03-28,2024-04-03,6,Hired
CAND-0122,Camila P,Sr Software Engineer,Senior,Engineering,client,Test Sent,3,2024-04-03,2024-04-09,6,Hired
CAND-0122,Camila P,Sr Software Engineer,Senior,Engineering,client,Test Reviewed,4,2024-04-09,2024-04-10,1,Hired
CAND-0122,Camila P,Sr Software Engineer,Senior,Engineering,client,Sezzle Prescreening,5,2024-04-10,2024-04-13,3,Hired
CAND-0122,Camila P,Sr Software Engineer,Senior,Engineering,client,Sezzle Interview,6,2024-04-13,2024-04-25,12,Hired
CAND-0122,Camila P,Sr Software Engineer,Senior,Engineering,client,Offer,7,2024-04-25,2024-05-02,7,Hired
CAND-0122,Camila P,Sr Software Engineer,Senior,Engineering,client,Hired,8,2024-05-02,2024-05-05,3,Hired
CAND-0123,Sofia R,Junior Software Engineer,Junior,Engineering,remoti,CV Sent,1,2025-10-22,2025-10-27,5,Hired
CAND-0123,Sofia R,Junior Software Engineer,Junior,Engineering,remoti,Remoti Screening,2,2025-10-27,2025-10-30,3,Hired
CAND-0123,Sofia R,Junior Software Engineer,Junior,Engineering,remoti,Test Sent,3,2025-10-30,2025-11-07,8,Hired
CAND-0123,Sofia R,Junior Software Engineer,Junior,Engineering,remoti,Test Reviewed,4,2025-11-07,2025-11-08,1,Hired
CAND-0123,Sofia R,Junior Software Engineer,Junior,Engineering,remoti,Sezzle Prescreening,5,2025-11-08,2025-11-15,7,Hired
CAND-0123,Sofia R,Junior Software Engineer,Junior,Engineering,remoti,Sezzle Interview,6,2025-11-15,2025-11-22,7,Hired
CAND-0123,Sofia R,Junior Software Engineer,Junior,Engineering,remoti,Offer,7,2025-11-22,2025-11-29,7,Hired
CAND-0123,Sofia R,Junior Software Engineer,Junior,Engineering,remoti,Hired,8,2025-11-29,2025-12-01,2,Hired
CAND-0124,Diego L,Mid Software Engineer,Mid,Engineering,remoti,CV Sent,1,2024-07-31,2024-08-03,3,Dropped
CAND-0124,Diego L,Mid Software Engineer,Mid,Engineering,remoti,Remoti Screening,2,2024-08-03,2024-08-07,4,Dropped
CAND-0124,Diego L,Mid Software Engineer,Mid,Engineering,remoti,Test Sent,3,2024-08-07,2024-08-14,7,Dropped
CAND-0124,Diego L,Mid Software Engineer,Mid,Engineering,remoti,Test Reviewed,4,2024-08-14,2024-08-21,7,Dropped
CAND-0124,Diego L,Mid Software Engineer,Mid,Engineering,remoti,Sezzle Prescreening,5,2024-08-21,2024-08-26,5,Dropped
CAND-0125,Diego L,Sr Software Engineer,Senior,Engineering,remoti,CV Sent,1,2025-04-09,2025-04-11,2,Dropped
CAND-0125,Diego L,Sr Software Engineer,Senior,Engineering,remoti,Remoti Screening,2,2025-04-11,2025-04-13,2,Dropped
CAND-0125,Diego L,Sr Software Engineer,Senior,Engineering,remoti,Test Sent,3,2025-04-13,2025-04-21,8,Dropped
CAND-0125,Diego L,Sr Software Engineer,Senior,Engineering,remoti,Test Reviewed,4,2025-04-21,2025-04-25,4,Dropped
CAND-0126,Juan S,Sr AI Engineer,Senior,Engineering,remoti,CV Sent,1,2026-02-24,2026-02-26,2,Hired
CAND-0126,Juan S,Sr AI Engineer,Senior,Engineering,remoti,Remoti Screening,2,2026-02-26,2026-03-04,6,Hired
CAND-0126,Juan S,Sr AI Engineer,Senior,Engineering,remoti,Test Sent,3,2026-03-04,2026-03-10,6,Hired
CAND-0126,Juan S,Sr AI Engineer,Senior,Engineering,remoti,Test Reviewed,4,2026-03-10,2026-03-11,1,Hired
CAND-0126,Juan S,Sr AI Engineer,Senior,Engineering,remoti,Sezzle Prescreening,5,2026-03-11,2026-03-17,6,Hired
CAND-0126,Juan S,Sr AI Engineer,Senior,Engineering,remoti,Sezzle Interview,6,2026-03-17,2026-03-23,6,Hired
CAND-0126,Juan S,Sr AI Engineer,Senior,Engineering,remoti,Offer,7,2026-03-23,2026-03-27,4,Hired
CAND-0126,Juan S,Sr AI Engineer,Senior,Engineering,remoti,Hired,8,2026-03-27,2026-03-29,2,Hired
CAND-0127,Juan S,Fraud Ops,Junior,Operations,remoti,CV Sent,1,2024-10-23,2024-10-28,5,Dropped
CAND-0128,Diego L,Product Designer,Mid,Product,remoti,CV Sent,1,2025-02-18,2025-02-19,1,Dropped
CAND-0128,Diego L,Product Designer,Mid,Product,remoti,Remoti Screening,2,2025-02-19,2025-02-22,3,Dropped
CAND-0128,Diego L,Product Designer,Mid,Product,remoti,Test Sent,3,2025-02-22,2025-02-28,6,Dropped
CAND-0129,Camila P,IT Vendor Manager,Senior,Operations,remoti,CV Sent,1,2024-05-05,2024-05-07,2,Hired
CAND-0129,Camila P,IT Vendor Manager,Senior,Operations,remoti,Remoti Screening,2,2024-05-07,2024-05-12,5,Hired
CAND-0129,Camila P,IT Vendor Manager,Senior,Operations,remoti,Test Sent,3,2024-05-12,2024-05-19,7,Hired
CAND-0129,Camila P,IT Vendor Manager,Senior,Operations,remoti,Test Reviewed,4,2024-05-19,2024-05-22,3,Hired
CAND-0129,Camila P,IT Vendor Manager,Senior,Operations,remoti,Sezzle Prescreening,5,2024-05-22,2024-05-25,3,Hired
CAND-0129,Camila P,IT Vendor Manager,Senior,Operations,remoti,Sezzle Interview,6,2024-05-25,2024-06-03,9,Hired
CAND-0129,Camila P,IT Vendor Manager,Senior,Operations,remoti,Offer,7,2024-06-03,2024-06-05,2,Hired
CAND-0129,Camila P,IT Vendor Manager,Senior,Operations,remoti,Hired,8,2024-06-05,2024-06-08,3,Hired
CAND-0130,Andres M,SRE,Senior,Engineering,remoti,CV Sent,1,2025-06-15,2025-06-17,2,Hired
CAND-0130,Andres M,SRE,Senior,Engineering,remoti,Remoti Screening,2,2025-06-17,2025-06-23,6,Hired
CAND-0130,Andres M,SRE,Senior,Engineering,remoti,Test Sent,3,2025-06-23,2025-07-01,8,Hired
CAND-0130,Andres M,SRE,Senior,Engineering,remoti,Test Reviewed,4,2025-07-01,2025-07-07,6,Hired
CAND-0130,Andres M,SRE,Senior,Engineering,remoti,Sezzle Prescreening,5,2025-07-07,2025-07-13,6,Hired
CAND-0130,Andres M,SRE,Senior,Engineering,remoti,Sezzle Interview,6,2025-07-13,2025-07-24,11,Hired
CAND-0130,Andres M,SRE,Senior,Engineering,remoti,Offer,7,2025-07-24,2025-07-31,7,Hired
CAND-0130,Andres M,SRE,Senior,Engineering,remoti,Hired,8,2025-07-31,2025-08-02,2,Hired
CAND-0131,Sofia R,Sr Software Engineer,Senior,Engineering,client,CV Sent,1,2025-08-24,2025-08-27,3,Hired
CAND-0131,Sofia R,Sr Software Engineer,Senior,Engineering,client,Remoti Screening,2,2025-08-27,2025-09-03,7,Hired
CAND-0131,Sofia R,Sr Software Engineer,Senior,Engineering,client,Test Sent,3,2025-09-03,2025-09-05,2,Hired
CAND-0131,Sofia R,Sr Software Engineer,Senior,Engineering,client,Test Reviewed,4,2025-09-05,2025-09-08,3,Hired
CAND-0131,Sofia R,Sr Software Engineer,Senior,Engineering,client,Sezzle Prescreening,5,2025-09-08,2025-09-16,8,Hired
CAND-0131,Sofia R,Sr Software Engineer,Senior,Engineering,client,Sezzle Interview,6,2025-09-16,2025-09-28,12,Hired
CAND-0131,Sofia R,Sr Software Engineer,Senior,Engineering,client,Offer,7,2025-09-28,2025-10-05,7,Hired
CAND-0131,Sofia R,Sr Software Engineer,Senior,Engineering,client,Hired,8,2025-10-05,2025-10-07,2,Hired
CAND-0132,Camila P,Product Manager,Mid,Product,client,CV Sent,1,2025-01-28,2025-01-30,2,Dropped
CAND-0132,Camila P,Product Manager,Mid,Product,client,Remoti Screening,2,2025-01-30,2025-02-02,3,Dropped
CAND-0133,Valentina C,Junior Software Engineer,Junior,Engineering,remoti,CV Sent,1,2025-03-02,2025-03-04,2,Dropped
CAND-0133,Valentina C,Junior Software Engineer,Junior,Engineering,remoti,Remoti Screening,2,2025-03-04,2025-03-10,6,Dropped
CAND-0133,Valentina C,Junior Software Engineer,Junior,Engineering,remoti,Test Sent,3,2025-03-10,2025-03-12,2,Dropped
CAND-0133,Valentina C,Junior Software Engineer,Junior,Engineering,remoti,Test Reviewed,4,2025-03-12,2025-03-17,5,Dropped
CAND-0134,Valentina C,SRE,Senior,Engineering,client,CV Sent,1,2025-04-19,2025-04-24,5,Hired
CAND-0134,Valentina C,SRE,Senior,Engineering,client,Remoti Screening,2,2025-04-24,2025-04-28,4,Hired
CAND-0134,Valentina C,SRE,Senior,Engineering,client,Test Sent,3,2025-04-28,2025-05-04,6,Hired
CAND-0134,Valentina C,SRE,Senior,Engineering,client,Test Reviewed,4,2025-05-04,2025-05-06,2,Hired
CAND-0134,Valentina C,SRE,Senior,Engineering,client,Sezzle Prescreening,5,2025-05-06,2025-05-10,4,Hired
CAND-0134,Valentina C,SRE,Senior,Engineering,client,Sezzle Interview,6,2025-05-10,2025-05-16,6,Hired
CAND-0134,Valentina C,SRE,Senior,Engineering,client,Offer,7,2025-05-16,2025-05-20,4,Hired
CAND-0134,Valentina C,SRE,Senior,Engineering,client,Hired,8,2025-05-20,2025-05-23,3,Hired
CAND-0135,Valentina C,Sr Software Engineer,Senior,Engineering,remoti,CV Sent,1,2026-03-29,2026-04-01,3,Dropped
CAND-0135,Valentina C,Sr Software Engineer,Senior,Engineering,remoti,Remoti Screening,2,2026-04-01,2026-04-07,6,Dropped
CAND-0135,Valentina C,Sr Software Engineer,Senior,Engineering,remoti,Test Sent,3,2026-04-07,2026-04-15,8,Dropped
CAND-0135,Valentina C,Sr Software Engineer,Senior,Engineering,remoti,Test Reviewed,4,2026-04-15,2026-04-19,4,Dropped
CAND-0135,Valentina C,Sr Software Engineer,Senior,Engineering,remoti,Sezzle Prescreening,5,2026-04-19,2026-04-27,8,Dropped
CAND-0135,Valentina C,Sr Software Engineer,Senior,Engineering,remoti,Sezzle Interview,6,2026-04-27,2026-05-04,7,Dropped
CAND-0136,Juan S,Sr AI Engineer,Senior,Engineering,remoti,CV Sent,1,2025-05-09,2025-05-11,2,Dropped
CAND-0136,Juan S,Sr AI Engineer,Senior,Engineering,remoti,Remoti Screening,2,2025-05-11,2025-05-17,6,Dropped
CAND-0136,Juan S,Sr AI Engineer,Senior,Engineering,remoti,Test Sent,3,2025-05-17,2025-05-27,10,Dropped
CAND-0136,Juan S,Sr AI Engineer,Senior,Engineering,remoti,Test Reviewed,4,2025-05-27,2025-05-29,2,Dropped
CAND-0137,Camila P,Junior Software Engineer,Junior,Engineering,remoti,CV Sent,1,2024-08-30,2024-08-31,1,Dropped
CAND-0137,Camila P,Junior Software Engineer,Junior,Engineering,remoti,Remoti Screening,2,2024-08-31,2024-09-04,4,Dropped
CAND-0137,Camila P,Junior Software Engineer,Junior,Engineering,remoti,Test Sent,3,2024-09-04,2024-09-07,3,Dropped
CAND-0137,Camila P,Junior Software Engineer,Junior,Engineering,remoti,Test Reviewed,4,2024-09-07,2024-09-09,2,Dropped
CAND-0138,Diego L,Product Manager,Mid,Product,remoti,CV Sent,1,2024-07-27,2024-07-30,3,Dropped
CAND-0138,Diego L,Product Manager,Mid,Product,remoti,Remoti Screening,2,2024-07-30,2024-08-06,7,Dropped
CAND-0139,Juan S,Mid Software Engineer,Mid,Engineering,client,CV Sent,1,2024-02-12,2024-02-14,2,Hired
CAND-0139,Juan S,Mid Software Engineer,Mid,Engineering,client,Remoti Screening,2,2024-02-14,2024-02-17,3,Hired
CAND-0139,Juan S,Mid Software Engineer,Mid,Engineering,client,Test Sent,3,2024-02-17,2024-02-19,2,Hired
CAND-0139,Juan S,Mid Software Engineer,Mid,Engineering,client,Test Reviewed,4,2024-02-19,2024-02-23,4,Hired
CAND-0139,Juan S,Mid Software Engineer,Mid,Engineering,client,Sezzle Prescreening,5,2024-02-23,2024-02-26,3,Hired
CAND-0139,Juan S,Mid Software Engineer,Mid,Engineering,client,Sezzle Interview,6,2024-02-26,2024-03-04,7,Hired
CAND-0139,Juan S,Mid Software Engineer,Mid,Engineering,client,Offer,7,2024-03-04,2024-03-06,2,Hired
CAND-0139,Juan S,Mid Software Engineer,Mid,Engineering,client,Hired,8,2024-03-06,2024-03-09,3,Hired
CAND-0140,Juan S,Sr Software Engineer,Senior,Engineering,remoti,CV Sent,1,2025-05-24,2025-05-26,2,Hired
CAND-0140,Juan S,Sr Software Engineer,Senior,Engineering,remoti,Remoti Screening,2,2025-05-26,2025-05-31,5,Hired
CAND-0140,Juan S,Sr Software Engineer,Senior,Engineering,remoti,Test Sent,3,2025-05-31,2025-06-03,3,Hired
CAND-0140,Juan S,Sr Software Engineer,Senior,Engineering,remoti,Test Reviewed,4,2025-06-03,2025-06-09,6,Hired
CAND-0140,Juan S,Sr Software Engineer,Senior,Engineering,remoti,Sezzle Prescreening,5,2025-06-09,2025-06-13,4,Hired
CAND-0140,Juan S,Sr Software Engineer,Senior,Engineering,remoti,Sezzle Interview,6,2025-06-13,2025-06-16,3,Hired
CAND-0140,Juan S,Sr Software Engineer,Senior,Engineering,remoti,Offer,7,2025-06-16,2025-06-20,4,Hired
CAND-0140,Juan S,Sr Software Engineer,Senior,Engineering,remoti,Hired,8,2025-06-20,2025-06-21,1,Hired
CAND-0141,Diego L,Fraud Ops,Junior,Operations,client,CV Sent,1,2025-06-15,2025-06-18,3,Dropped
CAND-0141,Diego L,Fraud Ops,Junior,Operations,client,Remoti Screening,2,2025-06-18,2025-06-25,7,Dropped
CAND-0142,Sofia R,Sr AI Engineer,Senior,Engineering,remoti,CV Sent,1,2024-09-02,2024-09-06,4,Hired
CAND-0142,Sofia R,Sr AI Engineer,Senior,Engineering,remoti,Remoti Screening,2,2024-09-06,2024-09-10,4,Hired
CAND-0142,Sofia R,Sr AI Engineer,Senior,Engineering,remoti,Test Sent,3,2024-09-10,2024-09-12,2,Hired
CAND-0142,Sofia R,Sr AI Engineer,Senior,Engineering,remoti,Test Reviewed,4,2024-09-12,2024-09-15,3,Hired
CAND-0142,Sofia R,Sr AI Engineer,Senior,Engineering,remoti,Sezzle Prescreening,5,2024-09-15,2024-09-17,2,Hired
CAND-0142,Sofia R,Sr AI Engineer,Senior,Engineering,remoti,Sezzle Interview,6,2024-09-17,2024-09-27,10,Hired
CAND-0142,Sofia R,Sr AI Engineer,Senior,Engineering,remoti,Offer,7,2024-09-27,2024-10-02,5,Hired
CAND-0142,Sofia R,Sr AI Engineer,Senior,Engineering,remoti,Hired,8,2024-10-02,2024-10-05,3,Hired
CAND-0143,Valentina C,Product Manager,Mid,Product,remoti,CV Sent,1,2024-08-18,2024-08-20,2,Dropped
CAND-0143,Valentina C,Product Manager,Mid,Product,remoti,Remoti Screening,2,2024-08-20,2024-08-25,5,Dropped
CAND-0144,Camila P,Mobile Engineer,Mid,Engineering,client,CV Sent,1,2026-02-18,2026-02-23,5,Dropped
CAND-0144,Camila P,Mobile Engineer,Mid,Engineering,client,Remoti Screening,2,2026-02-23,2026-02-26,3,Dropped
CAND-0144,Camila P,Mobile Engineer,Mid,Engineering,client,Test Sent,3,2026-02-26,2026-03-01,3,Dropped
CAND-0144,Camila P,Mobile Engineer,Mid,Engineering,client,Test Reviewed,4,2026-03-01,2026-03-06,5,Dropped
CAND-0144,Camila P,Mobile Engineer,Mid,Engineering,client,Sezzle Prescreening,5,2026-03-06,2026-03-08,2,Dropped
CAND-0144,Camila P,Mobile Engineer,Mid,Engineering,client,Sezzle Interview,6,2026-03-08,2026-03-12,4,Dropped
CAND-0145,Andres M,Data Engineer,Mid,Engineering,remoti,CV Sent,1,2025-06-20,2025-06-24,4,Dropped
CAND-0145,Andres M,Data Engineer,Mid,Engineering,remoti,Remoti Screening,2,2025-06-24,2025-06-27,3,Dropped
CAND-0145,Andres M,Data Engineer,Mid,Engineering,remoti,Test Sent,3,2025-06-27,2025-07-06,9,Dropped
CAND-0146,Diego L,Mid Software Engineer,Mid,Engineering,remoti,CV Sent,1,2024-03-04,2024-03-09,5,Dropped
CAND-0146,Diego L,Mid Software Engineer,Mid,Engineering,remoti,Remoti Screening,2,2024-03-09,2024-03-13,4,Dropped
CAND-0146,Diego L,Mid Software Engineer,Mid,Engineering,remoti,Test Sent,3,2024-03-13,2024-03-21,8,Dropped
CAND-0146,Diego L,Mid Software Engineer,Mid,Engineering,remoti,Test Reviewed,4,2024-03-21,2024-03-22,1,Dropped
CAND-0146,Diego L,Mid Software Engineer,Mid,Engineering,remoti,Sezzle Prescreening,5,2024-03-22,2024-03-28,6,Dropped
CAND-0147,Sofia R,Data Engineer,Mid,Engineering,client,CV Sent,1,2024-03-15,2024-03-19,4,Dropped
CAND-0148,Juan S,Sr AI Engineer,Senior,Engineering,client,CV Sent,1,2025-01-22,2025-01-26,4,Dropped
CAND-0148,Juan S,Sr AI Engineer,Senior,Engineering,client,Remoti Screening,2,2025-01-26,2025-01-31,5,Dropped
CAND-0148,Juan S,Sr AI Engineer,Senior,Engineering,client,Test Sent,3,2025-01-31,2025-02-10,10,Dropped
CAND-0149,Diego L,Sr AI Engineer,Senior,Engineering,remoti,CV Sent,1,2026-01-19,2026-01-21,2,Hired
CAND-0149,Diego L,Sr AI Engineer,Senior,Engineering,remoti,Remoti Screening,2,2026-01-21,2026-01-23,2,Hired
CAND-0149,Diego L,Sr AI Engineer,Senior,Engineering,remoti,Test Sent,3,2026-01-23,2026-02-01,9,Hired
CAND-0149,Diego L,Sr AI Engineer,Senior,Engineering,remoti,Test Reviewed,4,2026-02-01,2026-02-06,5,Hired
CAND-0149,Diego L,Sr AI Engineer,Senior,Engineering,remoti,Sezzle Prescreening,5,2026-02-06,2026-02-11,5,Hired
CAND-0149,Diego L,Sr AI Engineer,Senior,Engineering,remoti,Sezzle Interview,6,2026-02-11,2026-02-17,6,Hired
CAND-0149,Diego L,Sr AI Engineer,Senior,Engineering,remoti,Offer,7,2026-02-17,2026-02-20,3,Hired
CAND-0149,Diego L,Sr AI Engineer,Senior,Engineering,remoti,Hired,8,2026-02-20,2026-02-23,3,Hired
CAND-0150,Diego L,IT Vendor Manager,Senior,Operations,remoti,CV Sent,1,2024-01-21,2024-01-23,2,Hired
CAND-0150,Diego L,IT Vendor Manager,Senior,Operations,remoti,Remoti Screening,2,2024-01-23,2024-01-25,2,Hired
CAND-0150,Diego L,IT Vendor Manager,Senior,Operations,remoti,Test Sent,3,2024-01-25,2024-02-03,9,Hired
CAND-0150,Diego L,IT Vendor Manager,Senior,Operations,remoti,Test Reviewed,4,2024-02-03,2024-02-09,6,Hired
CAND-0150,Diego L,IT Vendor Manager,Senior,Operations,remoti,Sezzle Prescreening,5,2024-02-09,2024-02-12,3,Hired
CAND-0150,Diego L,IT Vendor Manager,Senior,Operations,remoti,Sezzle Interview,6,2024-02-12,2024-02-21,9,Hired
CAND-0150,Diego L,IT Vendor Manager,Senior,Operations,remoti,Offer,7,2024-02-21,2024-02-27,6,Hired
CAND-0150,Diego L,IT Vendor Manager,Senior,Operations,remoti,Hired,8,2024-02-27,2024-02-28,1,Hired
CAND-0151,Andres M,Sr AI Engineer,Senior,Engineering,client,CV Sent,1,2026-01-23,2026-01-28,5,Hired
CAND-0151,Andres M,Sr AI Engineer,Senior,Engineering,client,Remoti Screening,2,2026-01-28,2026-02-03,6,Hired
CAND-0151,Andres M,Sr AI Engineer,Senior,Engineering,client,Test Sent,3,2026-02-03,2026-02-10,7,Hired
CAND-0151,Andres M,Sr AI Engineer,Senior,Engineering,client,Test Reviewed,4,2026-02-10,2026-02-12,2,Hired
CAND-0151,Andres M,Sr AI Engineer,Senior,Engineering,client,Sezzle Prescreening,5,2026-02-12,2026-02-18,6,Hired
CAND-0151,Andres M,Sr AI Engineer,Senior,Engineering,client,Sezzle Interview,6,2026-02-18,2026-02-25,7,Hired
CAND-0151,Andres M,Sr AI Engineer,Senior,Engineering,client,Offer,7,2026-02-25,2026-03-03,6,Hired
CAND-0151,Andres M,Sr AI Engineer,Senior,Engineering,client,Hired,8,2026-03-03,2026-03-06,3,Hired
CAND-0152,Camila P,Product Manager,Mid,Product,remoti,CV Sent,1,2024-12-22,2024-12-26,4,Dropped
CAND-0152,Camila P,Product Manager,Mid,Product,remoti,Remoti Screening,2,2024-12-26,2024-12-30,4,Dropped
CAND-0152,Camila P,Product Manager,Mid,Product,remoti,Test Sent,3,2024-12-30,2025-01-07,8,Dropped
CAND-0153,Andres M,Mid Software Engineer,Mid,Engineering,remoti,CV Sent,1,2025-12-29,2025-12-31,2,Hired
CAND-0153,Andres M,Mid Software Engineer,Mid,Engineering,remoti,Remoti Screening,2,2025-12-31,2026-01-02,2,Hired
CAND-0153,Andres M,Mid Software Engineer,Mid,Engineering,remoti,Test Sent,3,2026-01-02,2026-01-10,8,Hired
CAND-0153,Andres M,Mid Software Engineer,Mid,Engineering,remoti,Test Reviewed,4,2026-01-10,2026-01-12,2,Hired
CAND-0153,Andres M,Mid Software Engineer,Mid,Engineering,remoti,Sezzle Prescreening,5,2026-01-12,2026-01-16,4,Hired
CAND-0153,Andres M,Mid Software Engineer,Mid,Engineering,remoti,Sezzle Interview,6,2026-01-16,2026-01-20,4,Hired
CAND-0153,Andres M,Mid Software Engineer,Mid,Engineering,remoti,Offer,7,2026-01-20,2026-01-24,4,Hired
CAND-0153,Andres M,Mid Software Engineer,Mid,Engineering,remoti,Hired,8,2026-01-24,2026-01-27,3,Hired
CAND-0154,Juan S,Sr Software Engineer,Senior,Engineering,remoti,CV Sent,1,2024-02-14,2024-02-15,1,Hired
CAND-0154,Juan S,Sr Software Engineer,Senior,Engineering,remoti,Remoti Screening,2,2024-02-15,2024-02-21,6,Hired
CAND-0154,Juan S,Sr Software Engineer,Senior,Engineering,remoti,Test Sent,3,2024-02-21,2024-03-02,10,Hired
CAND-0154,Juan S,Sr Software Engineer,Senior,Engineering,remoti,Test Reviewed,4,2024-03-02,2024-03-04,2,Hired
CAND-0154,Juan S,Sr Software Engineer,Senior,Engineering,remoti,Sezzle Prescreening,5,2024-03-04,2024-03-08,4,Hired
CAND-0154,Juan S,Sr Software Engineer,Senior,Engineering,remoti,Sezzle Interview,6,2024-03-08,2024-03-11,3,Hired
CAND-0154,Juan S,Sr Software Engineer,Senior,Engineering,remoti,Offer,7,2024-03-11,2024-03-14,3,Hired
CAND-0154,Juan S,Sr Software Engineer,Senior,Engineering,remoti,Hired,8,2024-03-14,2024-03-15,1,Hired
CAND-0155,Juan S,Product Designer,Mid,Product,remoti,CV Sent,1,2024-09-06,2024-09-11,5,Hired
CAND-0155,Juan S,Product Designer,Mid,Product,remoti,Remoti Screening,2,2024-09-11,2024-09-15,4,Hired
CAND-0155,Juan S,Product Designer,Mid,Product,remoti,Test Sent,3,2024-09-15,2024-09-25,10,Hired
CAND-0155,Juan S,Product Designer,Mid,Product,remoti,Test Reviewed,4,2024-09-25,2024-09-28,3,Hired
CAND-0155,Juan S,Product Designer,Mid,Product,remoti,Sezzle Prescreening,5,2024-09-28,2024-10-04,6,Hired
CAND-0155,Juan S,Product Designer,Mid,Product,remoti,Sezzle Interview,6,2024-10-04,2024-10-14,10,Hired
CAND-0155,Juan S,Product Designer,Mid,Product,remoti,Offer,7,2024-10-14,2024-10-21,7,Hired
CAND-0155,Juan S,Product Designer,Mid,Product,remoti,Hired,8,2024-10-21,2024-10-23,2,Hired
CAND-0156,Sofia R,Sr Software Engineer,Senior,Engineering,remoti,CV Sent,1,2024-08-18,2024-08-20,2,Dropped
CAND-0157,Valentina C,Product Designer,Mid,Product,remoti,CV Sent,1,2024-12-07,2024-12-09,2,Hired
CAND-0157,Valentina C,Product Designer,Mid,Product,remoti,Remoti Screening,2,2024-12-09,2024-12-12,3,Hired
CAND-0157,Valentina C,Product Designer,Mid,Product,remoti,Test Sent,3,2024-12-12,2024-12-19,7,Hired
CAND-0157,Valentina C,Product Designer,Mid,Product,remoti,Test Reviewed,4,2024-12-19,2024-12-26,7,Hired
CAND-0157,Valentina C,Product Designer,Mid,Product,remoti,Sezzle Prescreening,5,2024-12-26,2025-01-02,7,Hired
CAND-0157,Valentina C,Product Designer,Mid,Product,remoti,Sezzle Interview,6,2025-01-02,2025-01-12,10,Hired
CAND-0157,Valentina C,Product Designer,Mid,Product,remoti,Offer,7,2025-01-12,2025-01-19,7,Hired
CAND-0157,Valentina C,Product Designer,Mid,Product,remoti,Hired,8,2025-01-19,2025-01-20,1,Hired
CAND-0158,Camila P,SRE,Senior,Engineering,client,CV Sent,1,2024-03-05,2024-03-10,5,Dropped
CAND-0159,Diego L,IT Operations,Junior,Operations,remoti,CV Sent,1,2025-10-11,2025-10-13,2,Dropped
CAND-0160,Sofia R,Mobile Engineer,Mid,Engineering,remoti,CV Sent,1,2025-11-17,2025-11-22,5,Dropped
CAND-0160,Sofia R,Mobile Engineer,Mid,Engineering,remoti,Remoti Screening,2,2025-11-22,2025-11-29,7,Dropped
CAND-0160,Sofia R,Mobile Engineer,Mid,Engineering,remoti,Test Sent,3,2025-11-29,2025-12-01,2,Dropped
CAND-0160,Sofia R,Mobile Engineer,Mid,Engineering,remoti,Test Reviewed,4,2025-12-01,2025-12-05,4,Dropped
CAND-0161,Sofia R,Sr AI Engineer,Senior,Engineering,remoti,CV Sent,1,2025-12-19,2025-12-23,4,Dropped
CAND-0161,Sofia R,Sr AI Engineer,Senior,Engineering,remoti,Remoti Screening,2,2025-12-23,2025-12-26,3,Dropped
CAND-0162,Camila P,Mid Software Engineer,Mid,Engineering,remoti,CV Sent,1,2025-01-01,2025-01-04,3,Hired
CAND-0162,Camila P,Mid Software Engineer,Mid,Engineering,remoti,Remoti Screening,2,2025-01-04,2025-01-06,2,Hired
CAND-0162,Camila P,Mid Software Engineer,Mid,Engineering,remoti,Test Sent,3,2025-01-06,2025-01-14,8,Hired
CAND-0162,Camila P,Mid Software Engineer,Mid,Engineering,remoti,Test Reviewed,4,2025-01-14,2025-01-16,2,Hired
CAND-0162,Camila P,Mid Software Engineer,Mid,Engineering,remoti,Sezzle Prescreening,5,2025-01-16,2025-01-19,3,Hired
CAND-0162,Camila P,Mid Software Engineer,Mid,Engineering,remoti,Sezzle Interview,6,2025-01-19,2025-01-23,4,Hired
CAND-0162,Camila P,Mid Software Engineer,Mid,Engineering,remoti,Offer,7,2025-01-23,2025-01-30,7,Hired
CAND-0162,Camila P,Mid Software Engineer,Mid,Engineering,remoti,Hired,8,2025-01-30,2025-01-31,1,Hired
CAND-0163,Diego L,Sr Software Engineer,Senior,Engineering,remoti,CV Sent,1,2024-01-14,2024-01-16,2,Hired
CAND-0163,Diego L,Sr Software Engineer,Senior,Engineering,remoti,Remoti Screening,2,2024-01-16,2024-01-21,5,Hired
CAND-0163,Diego L,Sr Software Engineer,Senior,Engineering,remoti,Test Sent,3,2024-01-21,2024-01-28,7,Hired
CAND-0163,Diego L,Sr Software Engineer,Senior,Engineering,remoti,Test Reviewed,4,2024-01-28,2024-02-04,7,Hired
CAND-0163,Diego L,Sr Software Engineer,Senior,Engineering,remoti,Sezzle Prescreening,5,2024-02-04,2024-02-10,6,Hired
CAND-0163,Diego L,Sr Software Engineer,Senior,Engineering,remoti,Sezzle Interview,6,2024-02-10,2024-02-16,6,Hired
CAND-0163,Diego L,Sr Software Engineer,Senior,Engineering,remoti,Offer,7,2024-02-16,2024-02-23,7,Hired
CAND-0163,Diego L,Sr Software Engineer,Senior,Engineering,remoti,Hired,8,2024-02-23,2024-02-25,2,Hired
CAND-0164,Juan S,Sr AI Engineer,Senior,Engineering,client,CV Sent,1,2025-07-14,2025-07-19,5,Dropped
CAND-0164,Juan S,Sr AI Engineer,Senior,Engineering,client,Remoti Screening,2,2025-07-19,2025-07-22,3,Dropped
CAND-0164,Juan S,Sr AI Engineer,Senior,Engineering,client,Test Sent,3,2025-07-22,2025-07-29,7,Dropped
CAND-0165,Valentina C,Sr AI Engineer,Senior,Engineering,remoti,CV Sent,1,2024-09-07,2024-09-12,5,Hired
CAND-0165,Valentina C,Sr AI Engineer,Senior,Engineering,remoti,Remoti Screening,2,2024-09-12,2024-09-17,5,Hired
CAND-0165,Valentina C,Sr AI Engineer,Senior,Engineering,remoti,Test Sent,3,2024-09-17,2024-09-27,10,Hired
CAND-0165,Valentina C,Sr AI Engineer,Senior,Engineering,remoti,Test Reviewed,4,2024-09-27,2024-10-04,7,Hired
CAND-0165,Valentina C,Sr AI Engineer,Senior,Engineering,remoti,Sezzle Prescreening,5,2024-10-04,2024-10-12,8,Hired
CAND-0165,Valentina C,Sr AI Engineer,Senior,Engineering,remoti,Sezzle Interview,6,2024-10-12,2024-10-16,4,Hired
CAND-0165,Valentina C,Sr AI Engineer,Senior,Engineering,remoti,Offer,7,2024-10-16,2024-10-20,4,Hired
CAND-0165,Valentina C,Sr AI Engineer,Senior,Engineering,remoti,Hired,8,2024-10-20,2024-10-22,2,Hired
CAND-0166,Camila P,Sr Software Engineer,Senior,Engineering,client,CV Sent,1,2025-02-14,2025-02-17,3,Dropped
CAND-0167,Camila P,Mid Software Engineer,Mid,Engineering,client,CV Sent,1,2025-03-22,2025-03-24,2,Dropped
CAND-0167,Camila P,Mid Software Engineer,Mid,Engineering,client,Remoti Screening,2,2025-03-24,2025-03-31,7,Dropped
CAND-0167,Camila P,Mid Software Engineer,Mid,Engineering,client,Test Sent,3,2025-03-31,2025-04-06,6,Dropped
CAND-0167,Camila P,Mid Software Engineer,Mid,Engineering,client,Test Reviewed,4,2025-04-06,2025-04-12,6,Dropped
CAND-0168,Diego L,Mid Software Engineer,Mid,Engineering,remoti,CV Sent,1,2024-04-23,2024-04-24,1,Dropped
CAND-0169,Sofia R,Junior Software Engineer,Junior,Engineering,remoti,CV Sent,1,2025-04-08,2025-04-13,5,Dropped
CAND-0169,Sofia R,Junior Software Engineer,Junior,Engineering,remoti,Remoti Screening,2,2025-04-13,2025-04-18,5,Dropped
CAND-0170,Valentina C,Product Manager,Mid,Product,client,CV Sent,1,2024-01-17,2024-01-20,3,Hired
CAND-0170,Valentina C,Product Manager,Mid,Product,client,Remoti Screening,2,2024-01-20,2024-01-22,2,Hired
CAND-0170,Valentina C,Product Manager,Mid,Product,client,Test Sent,3,2024-01-22,2024-02-01,10,Hired
CAND-0170,Valentina C,Product Manager,Mid,Product,client,Test Reviewed,4,2024-02-01,2024-02-03,2,Hired
CAND-0170,Valentina C,Product Manager,Mid,Product,client,Sezzle Prescreening,5,2024-02-03,2024-02-06,3,Hired
CAND-0170,Valentina C,Product Manager,Mid,Product,client,Sezzle Interview,6,2024-02-06,2024-02-11,5,Hired
CAND-0170,Valentina C,Product Manager,Mid,Product,client,Offer,7,2024-02-11,2024-02-15,4,Hired
CAND-0170,Valentina C,Product Manager,Mid,Product,client,Hired,8,2024-02-15,2024-02-16,1,Hired
CAND-0171,Diego L,Mobile Engineer,Mid,Engineering,remoti,CV Sent,1,2026-03-16,2026-03-17,1,Hired
CAND-0171,Diego L,Mobile Engineer,Mid,Engineering,remoti,Remoti Screening,2,2026-03-17,2026-03-20,3,Hired
CAND-0171,Diego L,Mobile Engineer,Mid,Engineering,remoti,Test Sent,3,2026-03-20,2026-03-29,9,Hired
CAND-0171,Diego L,Mobile Engineer,Mid,Engineering,remoti,Test Reviewed,4,2026-03-29,2026-03-31,2,Hired
CAND-0171,Diego L,Mobile Engineer,Mid,Engineering,remoti,Sezzle Prescreening,5,2026-03-31,2026-04-03,3,Hired
CAND-0171,Diego L,Mobile Engineer,Mid,Engineering,remoti,Sezzle Interview,6,2026-04-03,2026-04-12,9,Hired
CAND-0171,Diego L,Mobile Engineer,Mid,Engineering,remoti,Offer,7,2026-04-12,2026-04-18,6,Hired
CAND-0171,Diego L,Mobile Engineer,Mid,Engineering,remoti,Hired,8,2026-04-18,2026-04-20,2,Hired
CAND-0172,Juan S,Mobile Engineer,Mid,Engineering,client,CV Sent,1,2024-05-23,2024-05-26,3,Dropped
CAND-0172,Juan S,Mobile Engineer,Mid,Engineering,client,Remoti Screening,2,2024-05-26,2024-06-02,7,Dropped
CAND-0173,Juan S,Sr Software Engineer,Senior,Engineering,remoti,CV Sent,1,2025-08-16,2025-08-18,2,Dropped
CAND-0173,Juan S,Sr Software Engineer,Senior,Engineering,remoti,Remoti Screening,2,2025-08-18,2025-08-22,4,Dropped
CAND-0173,Juan S,Sr Software Engineer,Senior,Engineering,remoti,Test Sent,3,2025-08-22,2025-08-30,8,Dropped
CAND-0173,Juan S,Sr Software Engineer,Senior,Engineering,remoti,Test Reviewed,4,2025-08-30,2025-09-04,5,Dropped
CAND-0174,Sofia R,IT Operations,Junior,Operations,client,CV Sent,1,2025-04-21,2025-04-23,2,Hired
CAND-0174,Sofia R,IT Operations,Junior,Operations,client,Remoti Screening,2,2025-04-23,2025-04-27,4,Hired
CAND-0174,Sofia R,IT Operations,Junior,Operations,client,Test Sent,3,2025-04-27,2025-04-30,3,Hired
CAND-0174,Sofia R,IT Operations,Junior,Operations,client,Test Reviewed,4,2025-04-30,2025-05-07,7,Hired
CAND-0174,Sofia R,IT Operations,Junior,Operations,client,Sezzle Prescreening,5,2025-05-07,2025-05-14,7,Hired
CAND-0174,Sofia R,IT Operations,Junior,Operations,client,Sezzle Interview,6,2025-05-14,2025-05-21,7,Hired
CAND-0174,Sofia R,IT Operations,Junior,Operations,client,Offer,7,2025-05-21,2025-05-28,7,Hired
CAND-0174,Sofia R,IT Operations,Junior,Operations,client,Hired,8,2025-05-28,2025-05-30,2,Hired
CAND-0175,Camila P,Mobile Engineer,Mid,Engineering,remoti,CV Sent,1,2025-02-18,2025-02-23,5,Hired
CAND-0175,Camila P,Mobile Engineer,Mid,Engineering,remoti,Remoti Screening,2,2025-02-23,2025-03-02,7,Hired
CAND-0175,Camila P,Mobile Engineer,Mid,Engineering,remoti,Test Sent,3,2025-03-02,2025-03-04,2,Hired
CAND-0175,Camila P,Mobile Engineer,Mid,Engineering,remoti,Test Reviewed,4,2025-03-04,2025-03-07,3,Hired
CAND-0175,Camila P,Mobile Engineer,Mid,Engineering,remoti,Sezzle Prescreening,5,2025-03-07,2025-03-15,8,Hired
CAND-0175,Camila P,Mobile Engineer,Mid,Engineering,remoti,Sezzle Interview,6,2025-03-15,2025-03-19,4,Hired
CAND-0175,Camila P,Mobile Engineer,Mid,Engineering,remoti,Offer,7,2025-03-19,2025-03-22,3,Hired
CAND-0175,Camila P,Mobile Engineer,Mid,Engineering,remoti,Hired,8,2025-03-22,2025-03-24,2,Hired
CAND-0176,Camila P,Product Manager,Mid,Product,client,CV Sent,1,2025-11-28,2025-12-02,4,Dropped
CAND-0176,Camila P,Product Manager,Mid,Product,client,Remoti Screening,2,2025-12-02,2025-12-06,4,Dropped
CAND-0176,Camila P,Product Manager,Mid,Product,client,Test Sent,3,2025-12-06,2025-12-14,8,Dropped
CAND-0177,Camila P,IT Operations,Junior,Operations,remoti,CV Sent,1,2025-08-16,2025-08-18,2,Dropped
CAND-0177,Camila P,IT Operations,Junior,Operations,remoti,Remoti Screening,2,2025-08-18,2025-08-23,5,Dropped
CAND-0177,Camila P,IT Operations,Junior,Operations,remoti,Test Sent,3,2025-08-23,2025-09-02,10,Dropped
CAND-0178,Sofia R,Sr Software Engineer,Senior,Engineering,remoti,CV Sent,1,2026-01-21,2026-01-23,2,Hired
CAND-0178,Sofia R,Sr Software Engineer,Senior,Engineering,remoti,Remoti Screening,2,2026-01-23,2026-01-27,4,Hired
CAND-0178,Sofia R,Sr Software Engineer,Senior,Engineering,remoti,Test Sent,3,2026-01-27,2026-02-01,5,Hired
CAND-0178,Sofia R,Sr Software Engineer,Senior,Engineering,remoti,Test Reviewed,4,2026-02-01,2026-02-04,3,Hired
CAND-0178,Sofia R,Sr Software Engineer,Senior,Engineering,remoti,Sezzle Prescreening,5,2026-02-04,2026-02-09,5,Hired
CAND-0178,Sofia R,Sr Software Engineer,Senior,Engineering,remoti,Sezzle Interview,6,2026-02-09,2026-02-19,10,Hired
CAND-0178,Sofia R,Sr Software Engineer,Senior,Engineering,remoti,Offer,7,2026-02-19,2026-02-23,4,Hired
CAND-0178,Sofia R,Sr Software Engineer,Senior,Engineering,remoti,Hired,8,2026-02-23,2026-02-26,3,Hired
CAND-0179,Juan S,IT Vendor Manager,Senior,Operations,remoti,CV Sent,1,2024-06-21,2024-06-23,2,Dropped
CAND-0179,Juan S,IT Vendor Manager,Senior,Operations,remoti,Remoti Screening,2,2024-06-23,2024-06-29,6,Dropped
CAND-0180,Juan S,IT Operations,Junior,Operations,remoti,CV Sent,1,2025-10-21,2025-10-25,4,Hired
CAND-0180,Juan S,IT Operations,Junior,Operations,remoti,Remoti Screening,2,2025-10-25,2025-11-01,7,Hired
CAND-0180,Juan S,IT Operations,Junior,Operations,remoti,Test Sent,3,2025-11-01,2025-11-06,5,Hired
CAND-0180,Juan S,IT Operations,Junior,Operations,remoti,Test Reviewed,4,2025-11-06,2025-11-10,4,Hired
CAND-0180,Juan S,IT Operations,Junior,Operations,remoti,Sezzle Prescreening,5,2025-11-10,2025-11-17,7,Hired
CAND-0180,Juan S,IT Operations,Junior,Operations,remoti,Sezzle Interview,6,2025-11-17,2025-11-24,7,Hired
CAND-0180,Juan S,IT Operations,Junior,Operations,remoti,Offer,7,2025-11-24,2025-11-26,2,Hired
CAND-0180,Juan S,IT Operations,Junior,Operations,remoti,Hired,8,2025-11-26,2025-11-29,3,Hired
CAND-0181,Diego L,Sr Software Engineer,Senior,Engineering,remoti,CV Sent,1,2025-11-21,2025-11-25,4,Dropped
CAND-0181,Diego L,Sr Software Engineer,Senior,Engineering,remoti,Remoti Screening,2,2025-11-25,2025-12-02,7,Dropped
CAND-0181,Diego L,Sr Software Engineer,Senior,Engineering,remoti,Test Sent,3,2025-12-02,2025-12-10,8,Dropped
CAND-0181,Diego L,Sr Software Engineer,Senior,Engineering,remoti,Test Reviewed,4,2025-12-10,2025-12-15,5,Dropped
CAND-0182,Juan S,Mid Software Engineer,Mid,Engineering,client,CV Sent,1,2024-11-04,2024-11-09,5,Dropped
CAND-0182,Juan S,Mid Software Engineer,Mid,Engineering,client,Remoti Screening,2,2024-11-09,2024-11-16,7,Dropped
CAND-0183,Juan S,Mid Software Engineer,Mid,Engineering,remoti,CV Sent,1,2025-02-05,2025-02-09,4,Hired
CAND-0183,Juan S,Mid Software Engineer,Mid,Engineering,remoti,Remoti Screening,2,2025-02-09,2025-02-15,6,Hired
CAND-0183,Juan S,Mid Software Engineer,Mid,Engineering,remoti,Test Sent,3,2025-02-15,2025-02-19,4,Hired
CAND-0183,Juan S,Mid Software Engineer,Mid,Engineering,remoti,Test Reviewed,4,2025-02-19,2025-02-24,5,Hired
CAND-0183,Juan S,Mid Software Engineer,Mid,Engineering,remoti,Sezzle Prescreening,5,2025-02-24,2025-03-03,7,Hired
CAND-0183,Juan S,Mid Software Engineer,Mid,Engineering,remoti,Sezzle Interview,6,2025-03-03,2025-03-08,5,Hired
CAND-0183,Juan S,Mid Software Engineer,Mid,Engineering,remoti,Offer,7,2025-03-08,2025-03-13,5,Hired
CAND-0183,Juan S,Mid Software Engineer,Mid,Engineering,remoti,Hired,8,2025-03-13,2025-03-14,1,Hired
CAND-0184,Valentina C,Product Manager,Mid,Product,client,CV Sent,1,2025-05-15,2025-05-17,2,Hired
CAND-0184,Valentina C,Product Manager,Mid,Product,client,Remoti Screening,2,2025-05-17,2025-05-22,5,Hired
CAND-0184,Valentina C,Product Manager,Mid,Product,client,Test Sent,3,2025-05-22,2025-06-01,10,Hired
CAND-0184,Valentina C,Product Manager,Mid,Product,client,Test Reviewed,4,2025-06-01,2025-06-05,4,Hired
CAND-0184,Valentina C,Product Manager,Mid,Product,client,Sezzle Prescreening,5,2025-06-05,2025-06-10,5,Hired
CAND-0184,Valentina C,Product Manager,Mid,Product,client,Sezzle Interview,6,2025-06-10,2025-06-20,10,Hired
CAND-0184,Valentina C,Product Manager,Mid,Product,client,Offer,7,2025-06-20,2025-06-22,2,Hired
CAND-0184,Valentina C,Product Manager,Mid,Product,client,Hired,8,2025-06-22,2025-06-23,1,Hired
CAND-0185,Camila P,Sr Software Engineer,Senior,Engineering,remoti,CV Sent,1,2026-03-14,2026-03-18,4,Hired
CAND-0185,Camila P,Sr Software Engineer,Senior,Engineering,remoti,Remoti Screening,2,2026-03-18,2026-03-23,5,Hired
CAND-0185,Camila P,Sr Software Engineer,Senior,Engineering,remoti,Test Sent,3,2026-03-23,2026-03-26,3,Hired
CAND-0185,Camila P,Sr Software Engineer,Senior,Engineering,remoti,Test Reviewed,4,2026-03-26,2026-03-29,3,Hired
CAND-0185,Camila P,Sr Software Engineer,Senior,Engineering,remoti,Sezzle Prescreening,5,2026-03-29,2026-04-06,8,Hired
CAND-0185,Camila P,Sr Software Engineer,Senior,Engineering,remoti,Sezzle Interview,6,2026-04-06,2026-04-17,11,Hired
CAND-0185,Camila P,Sr Software Engineer,Senior,Engineering,remoti,Offer,7,2026-04-17,2026-04-19,2,Hired
CAND-0185,Camila P,Sr Software Engineer,Senior,Engineering,remoti,Hired,8,2026-04-19,2026-04-21,2,Hired
CAND-0186,Sofia R,Sr AI Engineer,Senior,Engineering,client,CV Sent,1,2025-11-04,2025-11-06,2,Hired
CAND-0186,Sofia R,Sr AI Engineer,Senior,Engineering,client,Remoti Screening,2,2025-11-06,2025-11-08,2,Hired
CAND-0186,Sofia R,Sr AI Engineer,Senior,Engineering,client,Test Sent,3,2025-11-08,2025-11-15,7,Hired
CAND-0186,Sofia R,Sr AI Engineer,Senior,Engineering,client,Test Reviewed,4,2025-11-15,2025-11-16,1,Hired
CAND-0186,Sofia R,Sr AI Engineer,Senior,Engineering,client,Sezzle Prescreening,5,2025-11-16,2025-11-18,2,Hired
CAND-0186,Sofia R,Sr AI Engineer,Senior,Engineering,client,Sezzle Interview,6,2025-11-18,2025-11-24,6,Hired
CAND-0186,Sofia R,Sr AI Engineer,Senior,Engineering,client,Offer,7,2025-11-24,2025-12-01,7,Hired
CAND-0186,Sofia R,Sr AI Engineer,Senior,Engineering,client,Hired,8,2025-12-01,2025-12-03,2,Hired
CAND-0187,Andres M,Product Manager,Mid,Product,remoti,CV Sent,1,2026-03-18,2026-03-20,2,Dropped
CAND-0187,Andres M,Product Manager,Mid,Product,remoti,Remoti Screening,2,2026-03-20,2026-03-22,2,Dropped
CAND-0187,Andres M,Product Manager,Mid,Product,remoti,Test Sent,3,2026-03-22,2026-04-01,10,Dropped
CAND-0187,Andres M,Product Manager,Mid,Product,remoti,Test Reviewed,4,2026-04-01,2026-04-06,5,Dropped
CAND-0188,Camila P,Data Engineer,Mid,Engineering,client,CV Sent,1,2025-11-30,2025-12-01,1,Hired
CAND-0188,Camila P,Data Engineer,Mid,Engineering,client,Remoti Screening,2,2025-12-01,2025-12-06,5,Hired
CAND-0188,Camila P,Data Engineer,Mid,Engineering,client,Test Sent,3,2025-12-06,2025-12-12,6,Hired
CAND-0188,Camila P,Data Engineer,Mid,Engineering,client,Test Reviewed,4,2025-12-12,2025-12-14,2,Hired
CAND-0188,Camila P,Data Engineer,Mid,Engineering,client,Sezzle Prescreening,5,2025-12-14,2025-12-17,3,Hired
CAND-0188,Camila P,Data Engineer,Mid,Engineering,client,Sezzle Interview,6,2025-12-17,2025-12-25,8,Hired
CAND-0188,Camila P,Data Engineer,Mid,Engineering,client,Offer,7,2025-12-25,2026-01-01,7,Hired
CAND-0188,Camila P,Data Engineer,Mid,Engineering,client,Hired,8,2026-01-01,2026-01-02,1,Hired
CAND-0189,Diego L,Sr Software Engineer,Senior,Engineering,remoti,CV Sent,1,2024-03-22,2024-03-23,1,Hired
CAND-0189,Diego L,Sr Software Engineer,Senior,Engineering,remoti,Remoti Screening,2,2024-03-23,2024-03-30,7,Hired
CAND-0189,Diego L,Sr Software Engineer,Senior,Engineering,remoti,Test Sent,3,2024-03-30,2024-04-06,7,Hired
CAND-0189,Diego L,Sr Software Engineer,Senior,Engineering,remoti,Test Reviewed,4,2024-04-06,2024-04-10,4,Hired
CAND-0189,Diego L,Sr Software Engineer,Senior,Engineering,remoti,Sezzle Prescreening,5,2024-04-10,2024-04-12,2,Hired
CAND-0189,Diego L,Sr Software Engineer,Senior,Engineering,remoti,Sezzle Interview,6,2024-04-12,2024-04-16,4,Hired
CAND-0189,Diego L,Sr Software Engineer,Senior,Engineering,remoti,Offer,7,2024-04-16,2024-04-21,5,Hired
CAND-0189,Diego L,Sr Software Engineer,Senior,Engineering,remoti,Hired,8,2024-04-21,2024-04-24,3,Hired
CAND-0190,Diego L,IT Operations,Junior,Operations,remoti,CV Sent,1,2025-03-19,2025-03-21,2,Dropped
CAND-0190,Diego L,IT Operations,Junior,Operations,remoti,Remoti Screening,2,2025-03-21,2025-03-25,4,Dropped
CAND-0190,Diego L,IT Operations,Junior,Operations,remoti,Test Sent,3,2025-03-25,2025-04-01,7,Dropped
CAND-0190,Diego L,IT Operations,Junior,Operations,remoti,Test Reviewed,4,2025-04-01,2025-04-03,2,Dropped
CAND-0190,Diego L,IT Operations,Junior,Operations,remoti,Sezzle Prescreening,5,2025-04-03,2025-04-08,5,Dropped
CAND-0190,Diego L,IT Operations,Junior,Operations,remoti,Sezzle Interview,6,2025-04-08,2025-04-11,3,Dropped
CAND-0191,Andres M,Mid Software Engineer,Mid,Engineering,remoti,CV Sent,1,2024-01-05,2024-01-09,4,Dropped
CAND-0191,Andres M,Mid Software Engineer,Mid,Engineering,remoti,Remoti Screening,2,2024-01-09,2024-01-16,7,Dropped
CAND-0191,Andres M,Mid Software Engineer,Mid,Engineering,remoti,Test Sent,3,2024-01-16,2024-01-22,6,Dropped
CAND-0192,Valentina C,Product Manager,Mid,Product,remoti,CV Sent,1,2025-11-15,2025-11-17,2,Dropped
CAND-0193,Sofia R,Mobile Engineer,Mid,Engineering,client,CV Sent,1,2024-01-06,2024-01-08,2,Dropped
CAND-0193,Sofia R,Mobile Engineer,Mid,Engineering,client,Remoti Screening,2,2024-01-08,2024-01-11,3,Dropped
CAND-0193,Sofia R,Mobile Engineer,Mid,Engineering,client,Test Sent,3,2024-01-11,2024-01-21,10,Dropped
CAND-0193,Sofia R,Mobile Engineer,Mid,Engineering,client,Test Reviewed,4,2024-01-21,2024-01-22,1,Dropped
CAND-0194,Diego L,Product Designer,Mid,Product,remoti,CV Sent,1,2025-01-31,2025-02-01,1,Dropped
CAND-0194,Diego L,Product Designer,Mid,Product,remoti,Remoti Screening,2,2025-02-01,2025-02-03,2,Dropped
CAND-0195,Andres M,Sr Software Engineer,Senior,Engineering,remoti,CV Sent,1,2025-11-28,2025-11-30,2,Dropped
CAND-0196,Valentina C,Mid Software Engineer,Mid,Engineering,client,CV Sent,1,2025-10-09,2025-10-11,2,Dropped
CAND-0196,Valentina C,Mid Software Engineer,Mid,Engineering,client,Remoti Screening,2,2025-10-11,2025-10-17,6,Dropped
CAND-0196,Valentina C,Mid Software Engineer,Mid,Engineering,client,Test Sent,3,2025-10-17,2025-10-22,5,Dropped
CAND-0197,Valentina C,Product Designer,Mid,Product,client,CV Sent,1,2024-11-22,2024-11-24,2,Dropped
CAND-0197,Valentina C,Product Designer,Mid,Product,client,Remoti Screening,2,2024-11-24,2024-12-01,7,Dropped
CAND-0198,Juan S,Sr Software Engineer,Senior,Engineering,remoti,CV Sent,1,2025-11-09,2025-11-12,3,Hired
CAND-0198,Juan S,Sr Software Engineer,Senior,Engineering,remoti,Remoti Screening,2,2025-11-12,2025-11-18,6,Hired
CAND-0198,Juan S,Sr Software Engineer,Senior,Engineering,remoti,Test Sent,3,2025-11-18,2025-11-26,8,Hired
CAND-0198,Juan S,Sr Software Engineer,Senior,Engineering,remoti,Test Reviewed,4,2025-11-26,2025-11-27,1,Hired
CAND-0198,Juan S,Sr Software Engineer,Senior,Engineering,remoti,Sezzle Prescreening,5,2025-11-27,2025-12-05,8,Hired
CAND-0198,Juan S,Sr Software Engineer,Senior,Engineering,remoti,Sezzle Interview,6,2025-12-05,2025-12-15,10,Hired
CAND-0198,Juan S,Sr Software Engineer,Senior,Engineering,remoti,Offer,7,2025-12-15,2025-12-18,3,Hired
CAND-0198,Juan S,Sr Software Engineer,Senior,Engineering,remoti,Hired,8,2025-12-18,2025-12-21,3,Hired
CAND-0199,Sofia R,Fraud Ops,Junior,Operations,client,CV Sent,1,2024-11-24,2024-11-26,2,Dropped
CAND-0199,Sofia R,Fraud Ops,Junior,Operations,client,Remoti Screening,2,2024-11-26,2024-12-02,6,Dropped
CAND-0199,Sofia R,Fraud Ops,Junior,Operations,client,Test Sent,3,2024-12-02,2024-12-12,10,Dropped
CAND-0199,Sofia R,Fraud Ops,Junior,Operations,client,Test Reviewed,4,2024-12-12,2024-12-19,7,Dropped
CAND-0199,Sofia R,Fraud Ops,Junior,Operations,client,Sezzle Prescreening,5,2024-12-19,2024-12-27,8,Dropped
CAND-0200,Sofia R,Mid Software Engineer,Mid,Engineering,client,CV Sent,1,2025-02-15,2025-02-20,5,Dropped
CAND-0200,Sofia R,Mid Software Engineer,Mid,Engineering,client,Remoti Screening,2,2025-02-20,2025-02-27,7,Dropped
CAND-0200,Sofia R,Mid Software Engineer,Mid,Engineering,client,Test Sent,3,2025-02-27,2025-03-07,8,Dropped
CAND-0200,Sofia R,Mid Software Engineer,Mid,Engineering,client,Test Reviewed,4,2025-03-07,2025-03-11,4,Dropped
CAND-0201,Valentina C,Sr Software Engineer,Senior,Engineering,remoti,CV Sent,1,2024-07-31,2024-08-02,2,Hired
CAND-0201,Valentina C,Sr Software Engineer,Senior,Engineering,remoti,Remoti Screening,2,2024-08-02,2024-08-07,5,Hired
CAND-0201,Valentina C,Sr Software Engineer,Senior,Engineering,remoti,Test Sent,3,2024-08-07,2024-08-10,3,Hired
CAND-0201,Valentina C,Sr Software Engineer,Senior,Engineering,remoti,Test Reviewed,4,2024-08-10,2024-08-14,4,Hired
CAND-0201,Valentina C,Sr Software Engineer,Senior,Engineering,remoti,Sezzle Prescreening,5,2024-08-14,2024-08-22,8,Hired
CAND-0201,Valentina C,Sr Software Engineer,Senior,Engineering,remoti,Sezzle Interview,6,2024-08-22,2024-08-28,6,Hired
CAND-0201,Valentina C,Sr Software Engineer,Senior,Engineering,remoti,Offer,7,2024-08-28,2024-09-02,5,Hired
CAND-0201,Valentina C,Sr Software Engineer,Senior,Engineering,remoti,Hired,8,2024-09-02,2024-09-05,3,Hired
CAND-0202,Juan S,Sr Software Engineer,Senior,Engineering,remoti,CV Sent,1,2024-07-02,2024-07-03,1,Dropped
CAND-0203,Valentina C,SRE,Senior,Engineering,remoti,CV Sent,1,2026-03-16,2026-03-19,3,Hired
CAND-0203,Valentina C,SRE,Senior,Engineering,remoti,Remoti Screening,2,2026-03-19,2026-03-22,3,Hired
CAND-0203,Valentina C,SRE,Senior,Engineering,remoti,Test Sent,3,2026-03-22,2026-03-28,6,Hired
CAND-0203,Valentina C,SRE,Senior,Engineering,remoti,Test Reviewed,4,2026-03-28,2026-03-29,1,Hired
CAND-0203,Valentina C,SRE,Senior,Engineering,remoti,Sezzle Prescreening,5,2026-03-29,2026-03-31,2,Hired
CAND-0203,Valentina C,SRE,Senior,Engineering,remoti,Sezzle Interview,6,2026-03-31,2026-04-09,9,Hired
CAND-0203,Valentina C,SRE,Senior,Engineering,remoti,Offer,7,2026-04-09,2026-04-11,2,Hired
CAND-0203,Valentina C,SRE,Senior,Engineering,remoti,Hired,8,2026-04-11,2026-04-14,3,Hired
CAND-0204,Camila P,SRE,Senior,Engineering,remoti,CV Sent,1,2025-05-30,2025-06-04,5,Dropped
CAND-0204,Camila P,SRE,Senior,Engineering,remoti,Remoti Screening,2,2025-06-04,2025-06-07,3,Dropped
CAND-0204,Camila P,SRE,Senior,Engineering,remoti,Test Sent,3,2025-06-07,2025-06-10,3,Dropped
CAND-0204,Camila P,SRE,Senior,Engineering,remoti,Test Reviewed,4,2025-06-10,2025-06-16,6,Dropped
CAND-0204,Camila P,SRE,Senior,Engineering,remoti,Sezzle Prescreening,5,2025-06-16,2025-06-19,3,Dropped
CAND-0204,Camila P,SRE,Senior,Engineering,remoti,Sezzle Interview,6,2025-06-19,2025-06-22,3,Dropped
CAND-0205,Diego L,Mobile Engineer,Mid,Engineering,client,CV Sent,1,2024-07-06,2024-07-07,1,Hired
CAND-0205,Diego L,Mobile Engineer,Mid,Engineering,client,Remoti Screening,2,2024-07-07,2024-07-14,7,Hired
CAND-0205,Diego L,Mobile Engineer,Mid,Engineering,client,Test Sent,3,2024-07-14,2024-07-22,8,Hired
CAND-0205,Diego L,Mobile Engineer,Mid,Engineering,client,Test Reviewed,4,2024-07-22,2024-07-24,2,Hired
CAND-0205,Diego L,Mobile Engineer,Mid,Engineering,client,Sezzle Prescreening,5,2024-07-24,2024-07-31,7,Hired
CAND-0205,Diego L,Mobile Engineer,Mid,Engineering,client,Sezzle Interview,6,2024-07-31,2024-08-04,4,Hired
CAND-0205,Diego L,Mobile Engineer,Mid,Engineering,client,Offer,7,2024-08-04,2024-08-06,2,Hired
CAND-0205,Diego L,Mobile Engineer,Mid,Engineering,client,Hired,8,2024-08-06,2024-08-07,1,Hired
CAND-0206,Sofia R,IT Vendor Manager,Senior,Operations,client,CV Sent,1,2024-03-15,2024-03-19,4,Dropped
CAND-0206,Sofia R,IT Vendor Manager,Senior,Operations,client,Remoti Screening,2,2024-03-19,2024-03-23,4,Dropped
CAND-0206,Sofia R,IT Vendor Manager,Senior,Operations,client,Test Sent,3,2024-03-23,2024-04-02,10,Dropped
CAND-0206,Sofia R,IT Vendor Manager,Senior,Operations,client,Test Reviewed,4,2024-04-02,2024-04-05,3,Dropped
CAND-0207,Valentina C,Mid Software Engineer,Mid,Engineering,remoti,CV Sent,1,2025-05-24,2025-05-26,2,Dropped
CAND-0207,Valentina C,Mid Software Engineer,Mid,Engineering,remoti,Remoti Screening,2,2025-05-26,2025-06-01,6,Dropped
CAND-0207,Valentina C,Mid Software Engineer,Mid,Engineering,remoti,Test Sent,3,2025-06-01,2025-06-06,5,Dropped
CAND-0208,Juan S,Data Engineer,Mid,Engineering,client,CV Sent,1,2024-01-14,2024-01-17,3,Dropped
CAND-0209,Andres M,Mid Software Engineer,Mid,Engineering,remoti,CV Sent,1,2024-03-06,2024-03-08,2,Dropped
CAND-0209,Andres M,Mid Software Engineer,Mid,Engineering,remoti,Remoti Screening,2,2024-03-08,2024-03-10,2,Dropped
CAND-0210,Valentina C,Product Designer,Mid,Product,remoti,CV Sent,1,2026-02-08,2026-02-09,1,Dropped
CAND-0210,Valentina C,Product Designer,Mid,Product,remoti,Remoti Screening,2,2026-02-09,2026-02-15,6,Dropped
CAND-0211,Diego L,Data Engineer,Mid,Engineering,remoti,CV Sent,1,2024-05-17,2024-05-19,2,Hired
CAND-0211,Diego L,Data Engineer,Mid,Engineering,remoti,Remoti Screening,2,2024-05-19,2024-05-23,4,Hired
CAND-0211,Diego L,Data Engineer,Mid,Engineering,remoti,Test Sent,3,2024-05-23,2024-05-31,8,Hired
CAND-0211,Diego L,Data Engineer,Mid,Engineering,remoti,Test Reviewed,4,2024-05-31,2024-06-06,6,Hired
CAND-0211,Diego L,Data Engineer,Mid,Engineering,remoti,Sezzle Prescreening,5,2024-06-06,2024-06-11,5,Hired
CAND-0211,Diego L,Data Engineer,Mid,Engineering,remoti,Sezzle Interview,6,2024-06-11,2024-06-15,4,Hired
CAND-0211,Diego L,Data Engineer,Mid,Engineering,remoti,Offer,7,2024-06-15,2024-06-18,3,Hired
CAND-0211,Diego L,Data Engineer,Mid,Engineering,remoti,Hired,8,2024-06-18,2024-06-21,3,Hired
CAND-0212,Diego L,Junior Software Engineer,Junior,Engineering,remoti,CV Sent,1,2025-02-24,2025-02-25,1,Dropped
CAND-0212,Diego L,Junior Software Engineer,Junior,Engineering,remoti,Remoti Screening,2,2025-02-25,2025-02-28,3,Dropped
CAND-0212,Diego L,Junior Software Engineer,Junior,Engineering,remoti,Test Sent,3,2025-02-28,2025-03-09,9,Dropped
CAND-0212,Diego L,Junior Software Engineer,Junior,Engineering,remoti,Test Reviewed,4,2025-03-09,2025-03-10,1,Dropped
CAND-0213,Valentina C,Junior Software Engineer,Junior,Engineering,remoti,CV Sent,1,2026-01-02,2026-01-04,2,Dropped
CAND-0213,Valentina C,Junior Software Engineer,Junior,Engineering,remoti,Remoti Screening,2,2026-01-04,2026-01-09,5,Dropped
CAND-0213,Valentina C,Junior Software Engineer,Junior,Engineering,remoti,Test Sent,3,2026-01-09,2026-01-15,6,Dropped
CAND-0213,Valentina C,Junior Software Engineer,Junior,Engineering,remoti,Test Reviewed,4,2026-01-15,2026-01-17,2,Dropped
CAND-0214,Andres M,IT Operations,Junior,Operations,remoti,CV Sent,1,2024-04-18,2024-04-20,2,Dropped
CAND-0214,Andres M,IT Operations,Junior,Operations,remoti,Remoti Screening,2,2024-04-20,2024-04-22,2,Dropped
CAND-0214,Andres M,IT Operations,Junior,Operations,remoti,Test Sent,3,2024-04-22,2024-04-27,5,Dropped
CAND-0215,Juan S,Product Manager,Mid,Product,remoti,CV Sent,1,2025-08-27,2025-08-30,3,Dropped
CAND-0215,Juan S,Product Manager,Mid,Product,remoti,Remoti Screening,2,2025-08-30,2025-09-01,2,Dropped
CAND-0216,Sofia R,IT Vendor Manager,Senior,Operations,client,CV Sent,1,2024-12-09,2024-12-10,1,Dropped
CAND-0217,Juan S,Mobile Engineer,Mid,Engineering,remoti,CV Sent,1,2024-02-04,2024-02-08,4,Hired
CAND-0217,Juan S,Mobile Engineer,Mid,Engineering,remoti,Remoti Screening,2,2024-02-08,2024-02-11,3,Hired
CAND-0217,Juan S,Mobile Engineer,Mid,Engineering,remoti,Test Sent,3,2024-02-11,2024-02-15,4,Hired
CAND-0217,Juan S,Mobile Engineer,Mid,Engineering,remoti,Test Reviewed,4,2024-02-15,2024-02-19,4,Hired
CAND-0217,Juan S,Mobile Engineer,Mid,Engineering,remoti,Sezzle Prescreening,5,2024-02-19,2024-02-21,2,Hired
CAND-0217,Juan S,Mobile Engineer,Mid,Engineering,remoti,Sezzle Interview,6,2024-02-21,2024-03-04,12,Hired
CAND-0217,Juan S,Mobile Engineer,Mid,Engineering,remoti,Offer,7,2024-03-04,2024-03-08,4,Hired
CAND-0217,Juan S,Mobile Engineer,Mid,Engineering,remoti,Hired,8,2024-03-08,2024-03-11,3,Hired
CAND-0218,Diego L,Junior Software Engineer,Junior,Engineering,remoti,CV Sent,1,2024-07-27,2024-08-01,5,Hired
CAND-0218,Diego L,Junior Software Engineer,Junior,Engineering,remoti,Remoti Screening,2,2024-08-01,2024-08-07,6,Hired
CAND-0218,Diego L,Junior Software Engineer,Junior,Engineering,remoti,Test Sent,3,2024-08-07,2024-08-15,8,Hired
CAND-0218,Diego L,Junior Software Engineer,Junior,Engineering,remoti,Test Reviewed,4,2024-08-15,2024-08-18,3,Hired
CAND-0218,Diego L,Junior Software Engineer,Junior,Engineering,remoti,Sezzle Prescreening,5,2024-08-18,2024-08-26,8,Hired
CAND-0218,Diego L,Junior Software Engineer,Junior,Engineering,remoti,Sezzle Interview,6,2024-08-26,2024-09-07,12,Hired
CAND-0218,Diego L,Junior Software Engineer,Junior,Engineering,remoti,Offer,7,2024-09-07,2024-09-12,5,Hired
CAND-0218,Diego L,Junior Software Engineer,Junior,Engineering,remoti,Hired,8,2024-09-12,2024-09-13,1,Hired
CAND-0219,Valentina C,Mid Software Engineer,Mid,Engineering,remoti,CV Sent,1,2025-05-02,2025-05-07,5,Dropped
CAND-0219,Valentina C,Mid Software Engineer,Mid,Engineering,remoti,Remoti Screening,2,2025-05-07,2025-05-13,6,Dropped
CAND-0219,Valentina C,Mid Software Engineer,Mid,Engineering,remoti,Test Sent,3,2025-05-13,2025-05-17,4,Dropped
CAND-0220,Juan S,IT Vendor Manager,Senior,Operations,remoti,CV Sent,1,2024-08-16,2024-08-21,5,Dropped
CAND-0220,Juan S,IT Vendor Manager,Senior,Operations,remoti,Remoti Screening,2,2024-08-21,2024-08-26,5,Dropped
CAND-0220,Juan S,IT Vendor Manager,Senior,Operations,remoti,Test Sent,3,2024-08-26,2024-08-30,4,Dropped
CAND-0221,Sofia R,Fraud Ops,Junior,Operations,client,CV Sent,1,2024-12-30,2025-01-04,5,Dropped
CAND-0221,Sofia R,Fraud Ops,Junior,Operations,client,Remoti Screening,2,2025-01-04,2025-01-10,6,Dropped
CAND-0221,Sofia R,Fraud Ops,Junior,Operations,client,Test Sent,3,2025-01-10,2025-01-19,9,Dropped
CAND-0221,Sofia R,Fraud Ops,Junior,Operations,client,Test Reviewed,4,2025-01-19,2025-01-21,2,Dropped
CAND-0221,Sofia R,Fraud Ops,Junior,Operations,client,Sezzle Prescreening,5,2025-01-21,2025-01-23,2,Dropped
CAND-0222,Valentina C,SRE,Senior,Engineering,client,CV Sent,1,2024-07-29,2024-07-31,2,Dropped
CAND-0222,Valentina C,SRE,Senior,Engineering,client,Remoti Screening,2,2024-07-31,2024-08-03,3,Dropped
CAND-0222,Valentina C,SRE,Senior,Engineering,client,Test Sent,3,2024-08-03,2024-08-10,7,Dropped
CAND-0223,Camila P,IT Operations,Junior,Operations,client,CV Sent,1,2024-03-19,2024-03-22,3,Dropped
CAND-0223,Camila P,IT Operations,Junior,Operations,client,Remoti Screening,2,2024-03-22,2024-03-29,7,Dropped
CAND-0223,Camila P,IT Operations,Junior,Operations,client,Test Sent,3,2024-03-29,2024-04-01,3,Dropped
CAND-0223,Camila P,IT Operations,Junior,Operations,client,Test Reviewed,4,2024-04-01,2024-04-04,3,Dropped
CAND-0224,Juan S,Sr AI Engineer,Senior,Engineering,remoti,CV Sent,1,2025-12-29,2026-01-03,5,Dropped
CAND-0224,Juan S,Sr AI Engineer,Senior,Engineering,remoti,Remoti Screening,2,2026-01-03,2026-01-09,6,Dropped
CAND-0224,Juan S,Sr AI Engineer,Senior,Engineering,remoti,Test Sent,3,2026-01-09,2026-01-14,5,Dropped
CAND-0224,Juan S,Sr AI Engineer,Senior,Engineering,remoti,Test Reviewed,4,2026-01-14,2026-01-21,7,Dropped
CAND-0225,Juan S,Mid Software Engineer,Mid,Engineering,remoti,CV Sent,1,2025-12-23,2025-12-28,5,Dropped
CAND-0225,Juan S,Mid Software Engineer,Mid,Engineering,remoti,Remoti Screening,2,2025-12-28,2026-01-03,6,Dropped
CAND-0226,Sofia R,Product Manager,Mid,Product,client,CV Sent,1,2024-05-28,2024-05-31,3,Dropped
CAND-0226,Sofia R,Product Manager,Mid,Product,client,Remoti Screening,2,2024-05-31,2024-06-03,3,Dropped
CAND-0226,Sofia R,Product Manager,Mid,Product,client,Test Sent,3,2024-06-03,2024-06-10,7,Dropped
CAND-0227,Valentina C,Product Manager,Mid,Product,remoti,CV Sent,1,2024-10-02,2024-10-04,2,Hired
CAND-0227,Valentina C,Product Manager,Mid,Product,remoti,Remoti Screening,2,2024-10-04,2024-10-06,2,Hired
CAND-0227,Valentina C,Product Manager,Mid,Product,remoti,Test Sent,3,2024-10-06,2024-10-09,3,Hired
CAND-0227,Valentina C,Product Manager,Mid,Product,remoti,Test Reviewed,4,2024-10-09,2024-10-10,1,Hired
CAND-0227,Valentina C,Product Manager,Mid,Product,remoti,Sezzle Prescreening,5,2024-10-10,2024-10-17,7,Hired
CAND-0227,Valentina C,Product Manager,Mid,Product,remoti,Sezzle Interview,6,2024-10-17,2024-10-22,5,Hired
CAND-0227,Valentina C,Product Manager,Mid,Product,remoti,Offer,7,2024-10-22,2024-10-27,5,Hired
CAND-0227,Valentina C,Product Manager,Mid,Product,remoti,Hired,8,2024-10-27,2024-10-29,2,Hired
CAND-0228,Diego L,Junior Software Engineer,Junior,Engineering,client,CV Sent,1,2025-08-18,2025-08-20,2,Dropped
CAND-0228,Diego L,Junior Software Engineer,Junior,Engineering,client,Remoti Screening,2,2025-08-20,2025-08-22,2,Dropped
CAND-0228,Diego L,Junior Software Engineer,Junior,Engineering,client,Test Sent,3,2025-08-22,2025-08-24,2,Dropped
CAND-0228,Diego L,Junior Software Engineer,Junior,Engineering,client,Test Reviewed,4,2025-08-24,2025-08-27,3,Dropped
CAND-0228,Diego L,Junior Software Engineer,Junior,Engineering,client,Sezzle Prescreening,5,2025-08-27,2025-08-29,2,Dropped
CAND-0229,Camila P,Product Designer,Mid,Product,client,CV Sent,1,2024-04-09,2024-04-12,3,Dropped
CAND-0229,Camila P,Product Designer,Mid,Product,client,Remoti Screening,2,2024-04-12,2024-04-18,6,Dropped
CAND-0229,Camila P,Product Designer,Mid,Product,client,Test Sent,3,2024-04-18,2024-04-20,2,Dropped
CAND-0229,Camila P,Product Designer,Mid,Product,client,Test Reviewed,4,2024-04-20,2024-04-26,6,Dropped
CAND-0230,Andres M,Junior Software Engineer,Junior,Engineering,client,CV Sent,1,2025-02-27,2025-03-04,5,Dropped
CAND-0230,Andres M,Junior Software Engineer,Junior,Engineering,client,Remoti Screening,2,2025-03-04,2025-03-11,7,Dropped
CAND-0230,Andres M,Junior Software Engineer,Junior,Engineering,client,Test Sent,3,2025-03-11,2025-03-17,6,Dropped
CAND-0230,Andres M,Junior Software Engineer,Junior,Engineering,client,Test Reviewed,4,2025-03-17,2025-03-18,1,Dropped
CAND-0231,Sofia R,Junior Software Engineer,Junior,Engineering,remoti,CV Sent,1,2024-11-01,2024-11-06,5,Dropped
CAND-0231,Sofia R,Junior Software Engineer,Junior,Engineering,remoti,Remoti Screening,2,2024-11-06,2024-11-08,2,Dropped
CAND-0232,Sofia R,Mobile Engineer,Mid,Engineering,remoti,CV Sent,1,2025-02-15,2025-02-19,4,Hired
CAND-0232,Sofia R,Mobile Engineer,Mid,Engineering,remoti,Remoti Screening,2,2025-02-19,2025-02-26,7,Hired
CAND-0232,Sofia R,Mobile Engineer,Mid,Engineering,remoti,Test Sent,3,2025-02-26,2025-03-08,10,Hired
CAND-0232,Sofia R,Mobile Engineer,Mid,Engineering,remoti,Test Reviewed,4,2025-03-08,2025-03-11,3,Hired
CAND-0232,Sofia R,Mobile Engineer,Mid,Engineering,remoti,Sezzle Prescreening,5,2025-03-11,2025-03-15,4,Hired
CAND-0232,Sofia R,Mobile Engineer,Mid,Engineering,remoti,Sezzle Interview,6,2025-03-15,2025-03-18,3,Hired
CAND-0232,Sofia R,Mobile Engineer,Mid,Engineering,remoti,Offer,7,2025-03-18,2025-03-23,5,Hired
CAND-0232,Sofia R,Mobile Engineer,Mid,Engineering,remoti,Hired,8,2025-03-23,2025-03-25,2,Hired
CAND-0233,Juan S,Mid Software Engineer,Mid,Engineering,remoti,CV Sent,1,2024-04-01,2024-04-04,3,Hired
CAND-0233,Juan S,Mid Software Engineer,Mid,Engineering,remoti,Remoti Screening,2,2024-04-04,2024-04-09,5,Hired
CAND-0233,Juan S,Mid Software Engineer,Mid,Engineering,remoti,Test Sent,3,2024-04-09,2024-04-14,5,Hired
CAND-0233,Juan S,Mid Software Engineer,Mid,Engineering,remoti,Test Reviewed,4,2024-04-14,2024-04-21,7,Hired
CAND-0233,Juan S,Mid Software Engineer,Mid,Engineering,remoti,Sezzle Prescreening,5,2024-04-21,2024-04-27,6,Hired
CAND-0233,Juan S,Mid Software Engineer,Mid,Engineering,remoti,Sezzle Interview,6,2024-04-27,2024-05-08,11,Hired
CAND-0233,Juan S,Mid Software Engineer,Mid,Engineering,remoti,Offer,7,2024-05-08,2024-05-13,5,Hired
CAND-0233,Juan S,Mid Software Engineer,Mid,Engineering,remoti,Hired,8,2024-05-13,2024-05-14,1,Hired
CAND-0234,Juan S,Junior Software Engineer,Junior,Engineering,remoti,CV Sent,1,2025-08-11,2025-08-16,5,Dropped
CAND-0234,Juan S,Junior Software Engineer,Junior,Engineering,remoti,Remoti Screening,2,2025-08-16,2025-08-23,7,Dropped
CAND-0234,Juan S,Junior Software Engineer,Junior,Engineering,remoti,Test Sent,3,2025-08-23,2025-08-27,4,Dropped
CAND-0235,Andres M,Sr AI Engineer,Senior,Engineering,remoti,CV Sent,1,2025-03-13,2025-03-14,1,Dropped
CAND-0235,Andres M,Sr AI Engineer,Senior,Engineering,remoti,Remoti Screening,2,2025-03-14,2025-03-19,5,Dropped
CAND-0236,Juan S,Sr Software Engineer,Senior,Engineering,client,CV Sent,1,2024-03-13,2024-03-14,1,Dropped
CAND-0236,Juan S,Sr Software Engineer,Senior,Engineering,client,Remoti Screening,2,2024-03-14,2024-03-19,5,Dropped
CAND-0236,Juan S,Sr Software Engineer,Senior,Engineering,client,Test Sent,3,2024-03-19,2024-03-25,6,Dropped
CAND-0236,Juan S,Sr Software Engineer,Senior,Engineering,client,Test Reviewed,4,2024-03-25,2024-04-01,7,Dropped
CAND-0237,Sofia R,IT Operations,Junior,Operations,remoti,CV Sent,1,2024-06-04,2024-06-09,5,Hired
CAND-0237,Sofia R,IT Operations,Junior,Operations,remoti,Remoti Screening,2,2024-06-09,2024-06-11,2,Hired
CAND-0237,Sofia R,IT Operations,Junior,Operations,remoti,Test Sent,3,2024-06-11,2024-06-14,3,Hired
CAND-0237,Sofia R,IT Operations,Junior,Operations,remoti,Test Reviewed,4,2024-06-14,2024-06-21,7,Hired
CAND-0237,Sofia R,IT Operations,Junior,Operations,remoti,Sezzle Prescreening,5,2024-06-21,2024-06-25,4,Hired
CAND-0237,Sofia R,IT Operations,Junior,Operations,remoti,Sezzle Interview,6,2024-06-25,2024-07-02,7,Hired
CAND-0237,Sofia R,IT Operations,Junior,Operations,remoti,Offer,7,2024-07-02,2024-07-07,5,Hired
CAND-0237,Sofia R,IT Operations,Junior,Operations,remoti,Hired,8,2024-07-07,2024-07-09,2,Hired
CAND-0238,Andres M,Sr Software Engineer,Senior,Engineering,remoti,CV Sent,1,2025-12-02,2025-12-06,4,Dropped
CAND-0239,Diego L,Junior Software Engineer,Junior,Engineering,client,CV Sent,1,2025-01-20,2025-01-21,1,Dropped
CAND-0239,Diego L,Junior Software Engineer,Junior,Engineering,client,Remoti Screening,2,2025-01-21,2025-01-25,4,Dropped
CAND-0239,Diego L,Junior Software Engineer,Junior,Engineering,client,Test Sent,3,2025-01-25,2025-02-03,9,Dropped
CAND-0239,Diego L,Junior Software Engineer,Junior,Engineering,client,Test Reviewed,4,2025-02-03,2025-02-09,6,Dropped
CAND-0240,Diego L,Sr AI Engineer,Senior,Engineering,client,CV Sent,1,2024-11-28,2024-12-01,3,Hired
CAND-0240,Diego L,Sr AI Engineer,Senior,Engineering,client,Remoti Screening,2,2024-12-01,2024-12-07,6,Hired
CAND-0240,Diego L,Sr AI Engineer,Senior,Engineering,client,Test Sent,3,2024-12-07,2024-12-12,5,Hired
CAND-0240,Diego L,Sr AI Engineer,Senior,Engineering,client,Test Reviewed,4,2024-12-12,2024-12-19,7,Hired
CAND-0240,Diego L,Sr AI Engineer,Senior,Engineering,client,Sezzle Prescreening,5,2024-12-19,2024-12-24,5,Hired
CAND-0240,Diego L,Sr AI Engineer,Senior,Engineering,client,Sezzle Interview,6,2024-12-24,2025-01-01,8,Hired
CAND-0240,Diego L,Sr AI Engineer,Senior,Engineering,client,Offer,7,2025-01-01,2025-01-07,6,Hired
CAND-0240,Diego L,Sr AI Engineer,Senior,Engineering,client,Hired,8,2025-01-07,2025-01-08,1,Hired
CAND-0241,Camila P,Mobile Engineer,Mid,Engineering,client,CV Sent,1,2024-02-03,2024-02-05,2,Dropped
CAND-0241,Camila P,Mobile Engineer,Mid,Engineering,client,Remoti Screening,2,2024-02-05,2024-02-08,3,Dropped
CAND-0241,Camila P,Mobile Engineer,Mid,Engineering,client,Test Sent,3,2024-02-08,2024-02-13,5,Dropped
CAND-0242,Diego L,Sr Software Engineer,Senior,Engineering,remoti,CV Sent,1,2025-10-16,2025-10-17,1,Dropped
CAND-0242,Diego L,Sr Software Engineer,Senior,Engineering,remoti,Remoti Screening,2,2025-10-17,2025-10-20,3,Dropped
CAND-0242,Diego L,Sr Software Engineer,Senior,Engineering,remoti,Test Sent,3,2025-10-20,2025-10-29,9,Dropped
CAND-0243,Andres M,Sr Software Engineer,Senior,Engineering,client,CV Sent,1,2024-09-25,2024-09-26,1,Dropped
CAND-0243,Andres M,Sr Software Engineer,Senior,Engineering,client,Remoti Screening,2,2024-09-26,2024-10-01,5,Dropped
CAND-0244,Juan S,Product Manager,Mid,Product,remoti,CV Sent,1,2025-11-02,2025-11-06,4,Dropped
CAND-0244,Juan S,Product Manager,Mid,Product,remoti,Remoti Screening,2,2025-11-06,2025-11-13,7,Dropped
CAND-0245,Sofia R,Product Manager,Mid,Product,remoti,CV Sent,1,2025-09-18,2025-09-21,3,Hired
CAND-0245,Sofia R,Product Manager,Mid,Product,remoti,Remoti Screening,2,2025-09-21,2025-09-28,7,Hired
CAND-0245,Sofia R,Product Manager,Mid,Product,remoti,Test Sent,3,2025-09-28,2025-10-06,8,Hired
CAND-0245,Sofia R,Product Manager,Mid,Product,remoti,Test Reviewed,4,2025-10-06,2025-10-13,7,Hired
CAND-0245,Sofia R,Product Manager,Mid,Product,remoti,Sezzle Prescreening,5,2025-10-13,2025-10-17,4,Hired
CAND-0245,Sofia R,Product Manager,Mid,Product,remoti,Sezzle Interview,6,2025-10-17,2025-10-24,7,Hired
CAND-0245,Sofia R,Product Manager,Mid,Product,remoti,Offer,7,2025-10-24,2025-10-30,6,Hired
CAND-0245,Sofia R,Product Manager,Mid,Product,remoti,Hired,8,2025-10-30,2025-10-31,1,Hired
CAND-0246,Valentina C,Sr AI Engineer,Senior,Engineering,remoti,CV Sent,1,2025-09-04,2025-09-09,5,Dropped
CAND-0246,Valentina C,Sr AI Engineer,Senior,Engineering,remoti,Remoti Screening,2,2025-09-09,2025-09-16,7,Dropped
CAND-0247,Valentina C,Sr Software Engineer,Senior,Engineering,remoti,CV Sent,1,2026-01-02,2026-01-05,3,Hired
CAND-0247,Valentina C,Sr Software Engineer,Senior,Engineering,remoti,Remoti Screening,2,2026-01-05,2026-01-11,6,Hired
CAND-0247,Valentina C,Sr Software Engineer,Senior,Engineering,remoti,Test Sent,3,2026-01-11,2026-01-13,2,Hired
CAND-0247,Valentina C,Sr Software Engineer,Senior,Engineering,remoti,Test Reviewed,4,2026-01-13,2026-01-20,7,Hired
CAND-0247,Valentina C,Sr Software Engineer,Senior,Engineering,remoti,Sezzle Prescreening,5,2026-01-20,2026-01-25,5,Hired
CAND-0247,Valentina C,Sr Software Engineer,Senior,Engineering,remoti,Sezzle Interview,6,2026-01-25,2026-01-30,5,Hired
CAND-0247,Valentina C,Sr Software Engineer,Senior,Engineering,remoti,Offer,7,2026-01-30,2026-02-06,7,Hired
CAND-0247,Valentina C,Sr Software Engineer,Senior,Engineering,remoti,Hired,8,2026-02-06,2026-02-08,2,Hired
CAND-0248,Juan S,Mobile Engineer,Mid,Engineering,remoti,CV Sent,1,2025-12-30,2026-01-04,5,Hired
CAND-0248,Juan S,Mobile Engineer,Mid,Engineering,remoti,Remoti Screening,2,2026-01-04,2026-01-08,4,Hired
CAND-0248,Juan S,Mobile Engineer,Mid,Engineering,remoti,Test Sent,3,2026-01-08,2026-01-13,5,Hired
CAND-0248,Juan S,Mobile Engineer,Mid,Engineering,remoti,Test Reviewed,4,2026-01-13,2026-01-19,6,Hired
CAND-0248,Juan S,Mobile Engineer,Mid,Engineering,remoti,Sezzle Prescreening,5,2026-01-19,2026-01-26,7,Hired
CAND-0248,Juan S,Mobile Engineer,Mid,Engineering,remoti,Sezzle Interview,6,2026-01-26,2026-02-02,7,Hired
CAND-0248,Juan S,Mobile Engineer,Mid,Engineering,remoti,Offer,7,2026-02-02,2026-02-09,7,Hired
CAND-0248,Juan S,Mobile Engineer,Mid,Engineering,remoti,Hired,8,2026-02-09,2026-02-10,1,Hired
CAND-0249,Juan S,Mobile Engineer,Mid,Engineering,remoti,CV Sent,1,2025-07-30,2025-08-01,2,Hired
CAND-0249,Juan S,Mobile Engineer,Mid,Engineering,remoti,Remoti Screening,2,2025-08-01,2025-08-05,4,Hired
CAND-0249,Juan S,Mobile Engineer,Mid,Engineering,remoti,Test Sent,3,2025-08-05,2025-08-10,5,Hired
CAND-0249,Juan S,Mobile Engineer,Mid,Engineering,remoti,Test Reviewed,4,2025-08-10,2025-08-16,6,Hired
CAND-0249,Juan S,Mobile Engineer,Mid,Engineering,remoti,Sezzle Prescreening,5,2025-08-16,2025-08-21,5,Hired
CAND-0249,Juan S,Mobile Engineer,Mid,Engineering,remoti,Sezzle Interview,6,2025-08-21,2025-08-29,8,Hired
CAND-0249,Juan S,Mobile Engineer,Mid,Engineering,remoti,Offer,7,2025-08-29,2025-09-04,6,Hired
CAND-0249,Juan S,Mobile Engineer,Mid,Engineering,remoti,Hired,8,2025-09-04,2025-09-05,1,Hired
CAND-0250,Camila P,Fraud Ops,Junior,Operations,remoti,CV Sent,1,2025-10-01,2025-10-02,1,Dropped
CAND-0250,Camila P,Fraud Ops,Junior,Operations,remoti,Remoti Screening,2,2025-10-02,2025-10-05,3,Dropped
CAND-0250,Camila P,Fraud Ops,Junior,Operations,remoti,Test Sent,3,2025-10-05,2025-10-13,8,Dropped
CAND-0250,Camila P,Fraud Ops,Junior,Operations,remoti,Test Reviewed,4,2025-10-13,2025-10-17,4,Dropped
CAND-0251,Camila P,Sr Software Engineer,Senior,Engineering,client,CV Sent,1,2025-04-17,2025-04-19,2,Dropped
CAND-0251,Camila P,Sr Software Engineer,Senior,Engineering,client,Remoti Screening,2,2025-04-19,2025-04-26,7,Dropped
CAND-0252,Valentina C,Sr AI Engineer,Senior,Engineering,remoti,CV Sent,1,2024-01-09,2024-01-13,4,Hired
CAND-0252,Valentina C,Sr AI Engineer,Senior,Engineering,remoti,Remoti Screening,2,2024-01-13,2024-01-16,3,Hired
CAND-0252,Valentina C,Sr AI Engineer,Senior,Engineering,remoti,Test Sent,3,2024-01-16,2024-01-20,4,Hired
CAND-0252,Valentina C,Sr AI Engineer,Senior,Engineering,remoti,Test Reviewed,4,2024-01-20,2024-01-27,7,Hired
CAND-0252,Valentina C,Sr AI Engineer,Senior,Engineering,remoti,Sezzle Prescreening,5,2024-01-27,2024-01-30,3,Hired
CAND-0252,Valentina C,Sr AI Engineer,Senior,Engineering,remoti,Sezzle Interview,6,2024-01-30,2024-02-08,9,Hired
CAND-0252,Valentina C,Sr AI Engineer,Senior,Engineering,remoti,Offer,7,2024-02-08,2024-02-13,5,Hired
CAND-0252,Valentina C,Sr AI Engineer,Senior,Engineering,remoti,Hired,8,2024-02-13,2024-02-14,1,Hired
CAND-0253,Sofia R,Product Designer,Mid,Product,client,CV Sent,1,2026-02-18,2026-02-23,5,Dropped
CAND-0253,Sofia R,Product Designer,Mid,Product,client,Remoti Screening,2,2026-02-23,2026-03-02,7,Dropped
CAND-0254,Sofia R,Sr Software Engineer,Senior,Engineering,remoti,CV Sent,1,2025-08-29,2025-09-01,3,Hired
CAND-0254,Sofia R,Sr Software Engineer,Senior,Engineering,remoti,Remoti Screening,2,2025-09-01,2025-09-03,2,Hired
CAND-0254,Sofia R,Sr Software Engineer,Senior,Engineering,remoti,Test Sent,3,2025-09-03,2025-09-09,6,Hired
CAND-0254,Sofia R,Sr Software Engineer,Senior,Engineering,remoti,Test Reviewed,4,2025-09-09,2025-09-14,5,Hired
CAND-0254,Sofia R,Sr Software Engineer,Senior,Engineering,remoti,Sezzle Prescreening,5,2025-09-14,2025-09-18,4,Hired
CAND-0254,Sofia R,Sr Software Engineer,Senior,Engineering,remoti,Sezzle Interview,6,2025-09-18,2025-09-23,5,Hired
CAND-0254,Sofia R,Sr Software Engineer,Senior,Engineering,remoti,Offer,7,2025-09-23,2025-09-28,5,Hired
CAND-0254,Sofia R,Sr Software Engineer,Senior,Engineering,remoti,Hired,8,2025-09-28,2025-09-29,1,Hired
CAND-0255,Andres M,Junior Software Engineer,Junior,Engineering,client,CV Sent,1,2024-05-18,2024-05-20,2,Hired
CAND-0255,Andres M,Junior Software Engineer,Junior,Engineering,client,Remoti Screening,2,2024-05-20,2024-05-26,6,Hired
CAND-0255,Andres M,Junior Software Engineer,Junior,Engineering,client,Test Sent,3,2024-05-26,2024-05-29,3,Hired
CAND-0255,Andres M,Junior Software Engineer,Junior,Engineering,client,Test Reviewed,4,2024-05-29,2024-06-04,6,Hired
CAND-0255,Andres M,Junior Software Engineer,Junior,Engineering,client,Sezzle Prescreening,5,2024-06-04,2024-06-09,5,Hired
CAND-0255,Andres M,Junior Software Engineer,Junior,Engineering,client,Sezzle Interview,6,2024-06-09,2024-06-16,7,Hired
CAND-0255,Andres M,Junior Software Engineer,Junior,Engineering,client,Offer,7,2024-06-16,2024-06-22,6,Hired
CAND-0255,Andres M,Junior Software Engineer,Junior,Engineering,client,Hired,8,2024-06-22,2024-06-23,1,Hired
CAND-0256,Sofia R,Product Manager,Mid,Product,remoti,CV Sent,1,2024-05-02,2024-05-06,4,Dropped
CAND-0256,Sofia R,Product Manager,Mid,Product,remoti,Remoti Screening,2,2024-05-06,2024-05-08,2,Dropped
CAND-0256,Sofia R,Product Manager,Mid,Product,remoti,Test Sent,3,2024-05-08,2024-05-17,9,Dropped
CAND-0256,Sofia R,Product Manager,Mid,Product,remoti,Test Reviewed,4,2024-05-17,2024-05-19,2,Dropped
CAND-0256,Sofia R,Product Manager,Mid,Product,remoti,Sezzle Prescreening,5,2024-05-19,2024-05-26,7,Dropped
CAND-0257,Camila P,SRE,Senior,Engineering,remoti,CV Sent,1,2024-05-24,2024-05-28,4,Dropped
CAND-0257,Camila P,SRE,Senior,Engineering,remoti,Remoti Screening,2,2024-05-28,2024-05-30,2,Dropped
CAND-0257,Camila P,SRE,Senior,Engineering,remoti,Test Sent,3,2024-05-30,2024-06-02,3,Dropped
CAND-0257,Camila P,SRE,Senior,Engineering,remoti,Test Reviewed,4,2024-06-02,2024-06-09,7,Dropped
CAND-0258,Andres M,IT Vendor Manager,Senior,Operations,remoti,CV Sent,1,2025-02-27,2025-03-02,3,Dropped
CAND-0258,Andres M,IT Vendor Manager,Senior,Operations,remoti,Remoti Screening,2,2025-03-02,2025-03-08,6,Dropped
CAND-0258,Andres M,IT Vendor Manager,Senior,Operations,remoti,Test Sent,3,2025-03-08,2025-03-13,5,Dropped
CAND-0258,Andres M,IT Vendor Manager,Senior,Operations,remoti,Test Reviewed,4,2025-03-13,2025-03-17,4,Dropped
CAND-0258,Andres M,IT Vendor Manager,Senior,Operations,remoti,Sezzle Prescreening,5,2025-03-17,2025-03-19,2,Dropped
CAND-0259,Andres M,Product Manager,Mid,Product,client,CV Sent,1,2026-03-13,2026-03-18,5,Dropped
CAND-0260,Valentina C,Mid Software Engineer,Mid,Engineering,remoti,CV Sent,1,2024-02-25,2024-02-26,1,Dropped
CAND-0260,Valentina C,Mid Software Engineer,Mid,Engineering,remoti,Remoti Screening,2,2024-02-26,2024-02-28,2,Dropped
CAND-0260,Valentina C,Mid Software Engineer,Mid,Engineering,remoti,Test Sent,3,2024-02-28,2024-03-06,7,Dropped
CAND-0260,Valentina C,Mid Software Engineer,Mid,Engineering,remoti,Test Reviewed,4,2024-03-06,2024-03-09,3,Dropped
CAND-0260,Valentina C,Mid Software Engineer,Mid,Engineering,remoti,Sezzle Prescreening,5,2024-03-09,2024-03-11,2,Dropped
CAND-0261,Juan S,IT Vendor Manager,Senior,Operations,remoti,CV Sent,1,2024-12-06,2024-12-09,3,Dropped
CAND-0261,Juan S,IT Vendor Manager,Senior,Operations,remoti,Remoti Screening,2,2024-12-09,2024-12-15,6,Dropped
CAND-0261,Juan S,IT Vendor Manager,Senior,Operations,remoti,Test Sent,3,2024-12-15,2024-12-18,3,Dropped
CAND-0261,Juan S,IT Vendor Manager,Senior,Operations,remoti,Test Reviewed,4,2024-12-18,2024-12-21,3,Dropped
CAND-0262,Juan S,IT Vendor Manager,Senior,Operations,client,CV Sent,1,2025-03-11,2025-03-13,2,Dropped
CAND-0262,Juan S,IT Vendor Manager,Senior,Operations,client,Remoti Screening,2,2025-03-13,2025-03-20,7,Dropped
CAND-0262,Juan S,IT Vendor Manager,Senior,Operations,client,Test Sent,3,2025-03-20,2025-03-24,4,Dropped
CAND-0263,Andres M,Product Manager,Mid,Product,remoti,CV Sent,1,2026-03-12,2026-03-15,3,Dropped
CAND-0263,Andres M,Product Manager,Mid,Product,remoti,Remoti Screening,2,2026-03-15,2026-03-22,7,Dropped
CAND-0263,Andres M,Product Manager,Mid,Product,remoti,Test Sent,3,2026-03-22,2026-03-26,4,Dropped
CAND-0263,Andres M,Product Manager,Mid,Product,remoti,Test Reviewed,4,2026-03-26,2026-03-30,4,Dropped
CAND-0264,Valentina C,Sr Software Engineer,Senior,Engineering,remoti,CV Sent,1,2025-11-29,2025-12-04,5,Hired
CAND-0264,Valentina C,Sr Software Engineer,Senior,Engineering,remoti,Remoti Screening,2,2025-12-04,2025-12-10,6,Hired
CAND-0264,Valentina C,Sr Software Engineer,Senior,Engineering,remoti,Test Sent,3,2025-12-10,2025-12-15,5,Hired
CAND-0264,Valentina C,Sr Software Engineer,Senior,Engineering,remoti,Test Reviewed,4,2025-12-15,2025-12-21,6,Hired
CAND-0264,Valentina C,Sr Software Engineer,Senior,Engineering,remoti,Sezzle Prescreening,5,2025-12-21,2025-12-27,6,Hired
CAND-0264,Valentina C,Sr Software Engineer,Senior,Engineering,remoti,Sezzle Interview,6,2025-12-27,2026-01-08,12,Hired
CAND-0264,Valentina C,Sr Software Engineer,Senior,Engineering,remoti,Offer,7,2026-01-08,2026-01-15,7,Hired
CAND-0264,Valentina C,Sr Software Engineer,Senior,Engineering,remoti,Hired,8,2026-01-15,2026-01-17,2,Hired
CAND-0265,Diego L,Product Manager,Mid,Product,remoti,CV Sent,1,2025-07-29,2025-08-03,5,Dropped
CAND-0266,Diego L,IT Vendor Manager,Senior,Operations,client,CV Sent,1,2024-03-21,2024-03-25,4,Hired
CAND-0266,Diego L,IT Vendor Manager,Senior,Operations,client,Remoti Screening,2,2024-03-25,2024-03-29,4,Hired
CAND-0266,Diego L,IT Vendor Manager,Senior,Operations,client,Test Sent,3,2024-03-29,2024-03-31,2,Hired
CAND-0266,Diego L,IT Vendor Manager,Senior,Operations,client,Test Reviewed,4,2024-03-31,2024-04-05,5,Hired
CAND-0266,Diego L,IT Vendor Manager,Senior,Operations,client,Sezzle Prescreening,5,2024-04-05,2024-04-10,5,Hired
CAND-0266,Diego L,IT Vendor Manager,Senior,Operations,client,Sezzle Interview,6,2024-04-10,2024-04-14,4,Hired
CAND-0266,Diego L,IT Vendor Manager,Senior,Operations,client,Offer,7,2024-04-14,2024-04-20,6,Hired
CAND-0266,Diego L,IT Vendor Manager,Senior,Operations,client,Hired,8,2024-04-20,2024-04-22,2,Hired
CAND-0267,Diego L,Mid Software Engineer,Mid,Engineering,client,CV Sent,1,2024-01-23,2024-01-24,1,Hired
CAND-0267,Diego L,Mid Software Engineer,Mid,Engineering,client,Remoti Screening,2,2024-01-24,2024-01-26,2,Hired
CAND-0267,Diego L,Mid Software Engineer,Mid,Engineering,client,Test Sent,3,2024-01-26,2024-01-28,2,Hired
CAND-0267,Diego L,Mid Software Engineer,Mid,Engineering,client,Test Reviewed,4,2024-01-28,2024-02-04,7,Hired
CAND-0267,Diego L,Mid Software Engineer,Mid,Engineering,client,Sezzle Prescreening,5,2024-02-04,2024-02-10,6,Hired
CAND-0267,Diego L,Mid Software Engineer,Mid,Engineering,client,Sezzle Interview,6,2024-02-10,2024-02-21,11,Hired
CAND-0267,Diego L,Mid Software Engineer,Mid,Engineering,client,Offer,7,2024-02-21,2024-02-28,7,Hired
CAND-0267,Diego L,Mid Software Engineer,Mid,Engineering,client,Hired,8,2024-02-28,2024-03-01,2,Hired
CAND-0268,Diego L,IT Vendor Manager,Senior,Operations,remoti,CV Sent,1,2026-02-28,2026-03-05,5,Dropped
CAND-0268,Diego L,IT Vendor Manager,Senior,Operations,remoti,Remoti Screening,2,2026-03-05,2026-03-12,7,Dropped
CAND-0268,Diego L,IT Vendor Manager,Senior,Operations,remoti,Test Sent,3,2026-03-12,2026-03-21,9,Dropped
CAND-0269,Juan S,Sr Software Engineer,Senior,Engineering,client,CV Sent,1,2024-10-29,2024-11-03,5,Dropped
CAND-0269,Juan S,Sr Software Engineer,Senior,Engineering,client,Remoti Screening,2,2024-11-03,2024-11-10,7,Dropped
CAND-0270,Juan S,IT Vendor Manager,Senior,Operations,client,CV Sent,1,2024-04-23,2024-04-26,3,Dropped
CAND-0270,Juan S,IT Vendor Manager,Senior,Operations,client,Remoti Screening,2,2024-04-26,2024-04-29,3,Dropped
CAND-0271,Andres M,IT Vendor Manager,Senior,Operations,client,CV Sent,1,2024-04-24,2024-04-28,4,Dropped
CAND-0272,Diego L,Mid Software Engineer,Mid,Engineering,remoti,CV Sent,1,2025-08-30,2025-09-04,5,Dropped
CAND-0272,Diego L,Mid Software Engineer,Mid,Engineering,remoti,Remoti Screening,2,2025-09-04,2025-09-09,5,Dropped
CAND-0273,Diego L,IT Vendor Manager,Senior,Operations,client,CV Sent,1,2026-03-14,2026-03-16,2,Dropped
CAND-0273,Diego L,IT Vendor Manager,Senior,Operations,client,Remoti Screening,2,2026-03-16,2026-03-19,3,Dropped
CAND-0273,Diego L,IT Vendor Manager,Senior,Operations,client,Test Sent,3,2026-03-19,2026-03-23,4,Dropped
CAND-0274,Diego L,SRE,Senior,Engineering,remoti,CV Sent,1,2025-09-19,2025-09-21,2,Hired
CAND-0274,Diego L,SRE,Senior,Engineering,remoti,Remoti Screening,2,2025-09-21,2025-09-25,4,Hired
CAND-0274,Diego L,SRE,Senior,Engineering,remoti,Test Sent,3,2025-09-25,2025-10-04,9,Hired
CAND-0274,Diego L,SRE,Senior,Engineering,remoti,Test Reviewed,4,2025-10-04,2025-10-06,2,Hired
CAND-0274,Diego L,SRE,Senior,Engineering,remoti,Sezzle Prescreening,5,2025-10-06,2025-10-13,7,Hired
CAND-0274,Diego L,SRE,Senior,Engineering,remoti,Sezzle Interview,6,2025-10-13,2025-10-24,11,Hired
CAND-0274,Diego L,SRE,Senior,Engineering,remoti,Offer,7,2025-10-24,2025-10-31,7,Hired
CAND-0274,Diego L,SRE,Senior,Engineering,remoti,Hired,8,2025-10-31,2025-11-02,2,Hired
CAND-0275,Andres M,Product Manager,Mid,Product,remoti,CV Sent,1,2026-01-05,2026-01-08,3,Dropped
CAND-0275,Andres M,Product Manager,Mid,Product,remoti,Remoti Screening,2,2026-01-08,2026-01-15,7,Dropped
CAND-0276,Juan S,Data Engineer,Mid,Engineering,remoti,CV Sent,1,2024-05-02,2024-05-05,3,Hired
CAND-0276,Juan S,Data Engineer,Mid,Engineering,remoti,Remoti Screening,2,2024-05-05,2024-05-11,6,Hired
CAND-0276,Juan S,Data Engineer,Mid,Engineering,remoti,Test Sent,3,2024-05-11,2024-05-19,8,Hired
CAND-0276,Juan S,Data Engineer,Mid,Engineering,remoti,Test Reviewed,4,2024-05-19,2024-05-26,7,Hired
CAND-0276,Juan S,Data Engineer,Mid,Engineering,remoti,Sezzle Prescreening,5,2024-05-26,2024-06-03,8,Hired
CAND-0276,Juan S,Data Engineer,Mid,Engineering,remoti,Sezzle Interview,6,2024-06-03,2024-06-06,3,Hired
CAND-0276,Juan S,Data Engineer,Mid,Engineering,remoti,Offer,7,2024-06-06,2024-06-08,2,Hired
CAND-0276,Juan S,Data Engineer,Mid,Engineering,remoti,Hired,8,2024-06-08,2024-06-09,1,Hired
CAND-0277,Andres M,Mid Software Engineer,Mid,Engineering,client,CV Sent,1,2025-12-04,2025-12-07,3,Dropped
CAND-0277,Andres M,Mid Software Engineer,Mid,Engineering,client,Remoti Screening,2,2025-12-07,2025-12-09,2,Dropped
CAND-0277,Andres M,Mid Software Engineer,Mid,Engineering,client,Test Sent,3,2025-12-09,2025-12-15,6,Dropped
CAND-0277,Andres M,Mid Software Engineer,Mid,Engineering,client,Test Reviewed,4,2025-12-15,2025-12-20,5,Dropped
CAND-0278,Juan S,Fraud Ops,Junior,Operations,remoti,CV Sent,1,2024-08-21,2024-08-26,5,Dropped
CAND-0278,Juan S,Fraud Ops,Junior,Operations,remoti,Remoti Screening,2,2024-08-26,2024-09-01,6,Dropped
CAND-0278,Juan S,Fraud Ops,Junior,Operations,remoti,Test Sent,3,2024-09-01,2024-09-07,6,Dropped
CAND-0278,Juan S,Fraud Ops,Junior,Operations,remoti,Test Reviewed,4,2024-09-07,2024-09-08,1,Dropped
CAND-0278,Juan S,Fraud Ops,Junior,Operations,remoti,Sezzle Prescreening,5,2024-09-08,2024-09-13,5,Dropped
CAND-0278,Juan S,Fraud Ops,Junior,Operations,remoti,Sezzle Interview,6,2024-09-13,2024-09-21,8,Dropped
CAND-0278,Juan S,Fraud Ops,Junior,Operations,remoti,Offer,7,2024-09-21,2024-09-23,2,Dropped
CAND-0279,Juan S,IT Vendor Manager,Senior,Operations,client,CV Sent,1,2025-10-29,2025-11-01,3,Hired
CAND-0279,Juan S,IT Vendor Manager,Senior,Operations,client,Remoti Screening,2,2025-11-01,2025-11-07,6,Hired
CAND-0279,Juan S,IT Vendor Manager,Senior,Operations,client,Test Sent,3,2025-11-07,2025-11-12,5,Hired
CAND-0279,Juan S,IT Vendor Manager,Senior,Operations,client,Test Reviewed,4,2025-11-12,2025-11-14,2,Hired
CAND-0279,Juan S,IT Vendor Manager,Senior,Operations,client,Sezzle Prescreening,5,2025-11-14,2025-11-17,3,Hired
CAND-0279,Juan S,IT Vendor Manager,Senior,Operations,client,Sezzle Interview,6,2025-11-17,2025-11-21,4,Hired
CAND-0279,Juan S,IT Vendor Manager,Senior,Operations,client,Offer,7,2025-11-21,2025-11-24,3,Hired
CAND-0279,Juan S,IT Vendor Manager,Senior,Operations,client,Hired,8,2025-11-24,2025-11-25,1,Hired
CAND-0280,Camila P,Mobile Engineer,Mid,Engineering,remoti,CV Sent,1,2024-06-17,2024-06-22,5,Dropped
CAND-0280,Camila P,Mobile Engineer,Mid,Engineering,remoti,Remoti Screening,2,2024-06-22,2024-06-24,2,Dropped
CAND-0280,Camila P,Mobile Engineer,Mid,Engineering,remoti,Test Sent,3,2024-06-24,2024-06-28,4,Dropped
CAND-0281,Juan S,IT Operations,Junior,Operations,remoti,CV Sent,1,2025-11-12,2025-11-15,3,Hired
CAND-0281,Juan S,IT Operations,Junior,Operations,remoti,Remoti Screening,2,2025-11-15,2025-11-21,6,Hired
CAND-0281,Juan S,IT Operations,Junior,Operations,remoti,Test Sent,3,2025-11-21,2025-11-24,3,Hired
CAND-0281,Juan S,IT Operations,Junior,Operations,remoti,Test Reviewed,4,2025-11-24,2025-11-27,3,Hired
CAND-0281,Juan S,IT Operations,Junior,Operations,remoti,Sezzle Prescreening,5,2025-11-27,2025-11-30,3,Hired
CAND-0281,Juan S,IT Operations,Junior,Operations,remoti,Sezzle Interview,6,2025-11-30,2025-12-11,11,Hired
CAND-0281,Juan S,IT Operations,Junior,Operations,remoti,Offer,7,2025-12-11,2025-12-17,6,Hired
CAND-0281,Juan S,IT Operations,Junior,Operations,remoti,Hired,8,2025-12-17,2025-12-18,1,Hired
CAND-0282,Juan S,Fraud Ops,Junior,Operations,remoti,CV Sent,1,2025-01-08,2025-01-11,3,Dropped
CAND-0282,Juan S,Fraud Ops,Junior,Operations,remoti,Remoti Screening,2,2025-01-11,2025-01-17,6,Dropped
CAND-0282,Juan S,Fraud Ops,Junior,Operations,remoti,Test Sent,3,2025-01-17,2025-01-27,10,Dropped
CAND-0282,Juan S,Fraud Ops,Junior,Operations,remoti,Test Reviewed,4,2025-01-27,2025-02-02,6,Dropped
CAND-0283,Camila P,Fraud Ops,Junior,Operations,client,CV Sent,1,2024-09-10,2024-09-11,1,Hired
CAND-0283,Camila P,Fraud Ops,Junior,Operations,client,Remoti Screening,2,2024-09-11,2024-09-15,4,Hired
CAND-0283,Camila P,Fraud Ops,Junior,Operations,client,Test Sent,3,2024-09-15,2024-09-18,3,Hired
CAND-0283,Camila P,Fraud Ops,Junior,Operations,client,Test Reviewed,4,2024-09-18,2024-09-23,5,Hired
CAND-0283,Camila P,Fraud Ops,Junior,Operations,client,Sezzle Prescreening,5,2024-09-23,2024-09-25,2,Hired
CAND-0283,Camila P,Fraud Ops,Junior,Operations,client,Sezzle Interview,6,2024-09-25,2024-10-03,8,Hired
CAND-0283,Camila P,Fraud Ops,Junior,Operations,client,Offer,7,2024-10-03,2024-10-09,6,Hired
CAND-0283,Camila P,Fraud Ops,Junior,Operations,client,Hired,8,2024-10-09,2024-10-10,1,Hired
CAND-0284,Camila P,Mid Software Engineer,Mid,Engineering,remoti,CV Sent,1,2024-04-12,2024-04-14,2,Hired
CAND-0284,Camila P,Mid Software Engineer,Mid,Engineering,remoti,Remoti Screening,2,2024-04-14,2024-04-20,6,Hired
CAND-0284,Camila P,Mid Software Engineer,Mid,Engineering,remoti,Test Sent,3,2024-04-20,2024-04-23,3,Hired
CAND-0284,Camila P,Mid Software Engineer,Mid,Engineering,remoti,Test Reviewed,4,2024-04-23,2024-04-29,6,Hired
CAND-0284,Camila P,Mid Software Engineer,Mid,Engineering,remoti,Sezzle Prescreening,5,2024-04-29,2024-05-07,8,Hired
CAND-0284,Camila P,Mid Software Engineer,Mid,Engineering,remoti,Sezzle Interview,6,2024-05-07,2024-05-11,4,Hired
CAND-0284,Camila P,Mid Software Engineer,Mid,Engineering,remoti,Offer,7,2024-05-11,2024-05-18,7,Hired
CAND-0284,Camila P,Mid Software Engineer,Mid,Engineering,remoti,Hired,8,2024-05-18,2024-05-21,3,Hired
CAND-0285,Sofia R,IT Vendor Manager,Senior,Operations,client,CV Sent,1,2024-06-10,2024-06-11,1,Dropped
CAND-0285,Sofia R,IT Vendor Manager,Senior,Operations,client,Remoti Screening,2,2024-06-11,2024-06-15,4,Dropped
CAND-0286,Camila P,Data Engineer,Mid,Engineering,client,CV Sent,1,2024-09-25,2024-09-29,4,Dropped
CAND-0286,Camila P,Data Engineer,Mid,Engineering,client,Remoti Screening,2,2024-09-29,2024-10-06,7,Dropped
CAND-0286,Camila P,Data Engineer,Mid,Engineering,client,Test Sent,3,2024-10-06,2024-10-13,7,Dropped
CAND-0287,Camila P,Product Manager,Mid,Product,remoti,CV Sent,1,2026-02-06,2026-02-11,5,Dropped
CAND-0288,Juan S,Junior Software Engineer,Junior,Engineering,remoti,CV Sent,1,2024-04-02,2024-04-05,3,Dropped
CAND-0288,Juan S,Junior Software Engineer,Junior,Engineering,remoti,Remoti Screening,2,2024-04-05,2024-04-10,5,Dropped
CAND-0288,Juan S,Junior Software Engineer,Junior,Engineering,remoti,Test Sent,3,2024-04-10,2024-04-12,2,Dropped
CAND-0288,Juan S,Junior Software Engineer,Junior,Engineering,remoti,Test Reviewed,4,2024-04-12,2024-04-17,5,Dropped
CAND-0289,Andres M,Sr AI Engineer,Senior,Engineering,remoti,CV Sent,1,2026-03-29,2026-04-01,3,Dropped
CAND-0289,Andres M,Sr AI Engineer,Senior,Engineering,remoti,Remoti Screening,2,2026-04-01,2026-04-03,2,Dropped
CAND-0289,Andres M,Sr AI Engineer,Senior,Engineering,remoti,Test Sent,3,2026-04-03,2026-04-13,10,Dropped
CAND-0290,Camila P,Mobile Engineer,Mid,Engineering,client,CV Sent,1,2024-11-12,2024-11-14,2,Hired
CAND-0290,Camila P,Mobile Engineer,Mid,Engineering,client,Remoti Screening,2,2024-11-14,2024-11-21,7,Hired
CAND-0290,Camila P,Mobile Engineer,Mid,Engineering,client,Test Sent,3,2024-11-21,2024-11-29,8,Hired
CAND-0290,Camila P,Mobile Engineer,Mid,Engineering,client,Test Reviewed,4,2024-11-29,2024-12-06,7,Hired
CAND-0290,Camila P,Mobile Engineer,Mid,Engineering,client,Sezzle Prescreening,5,2024-12-06,2024-12-09,3,Hired
CAND-0290,Camila P,Mobile Engineer,Mid,Engineering,client,Sezzle Interview,6,2024-12-09,2024-12-21,12,Hired
CAND-0290,Camila P,Mobile Engineer,Mid,Engineering,client,Offer,7,2024-12-21,2024-12-24,3,Hired
CAND-0290,Camila P,Mobile Engineer,Mid,Engineering,client,Hired,8,2024-12-24,2024-12-27,3,Hired
CAND-0291,Camila P,IT Vendor Manager,Senior,Operations,remoti,CV Sent,1,2025-07-20,2025-07-21,1,Dropped
CAND-0291,Camila P,IT Vendor Manager,Senior,Operations,remoti,Remoti Screening,2,2025-07-21,2025-07-23,2,Dropped
CAND-0291,Camila P,IT Vendor Manager,Senior,Operations,remoti,Test Sent,3,2025-07-23,2025-07-28,5,Dropped
CAND-0291,Camila P,IT Vendor Manager,Senior,Operations,remoti,Test Reviewed,4,2025-07-28,2025-08-01,4,Dropped
CAND-0291,Camila P,IT Vendor Manager,Senior,Operations,remoti,Sezzle Prescreening,5,2025-08-01,2025-08-05,4,Dropped
CAND-0292,Andres M,Product Manager,Mid,Product,remoti,CV Sent,1,2025-04-10,2025-04-13,3,Hired
CAND-0292,Andres M,Product Manager,Mid,Product,remoti,Remoti Screening,2,2025-04-13,2025-04-17,4,Hired
CAND-0292,Andres M,Product Manager,Mid,Product,remoti,Test Sent,3,2025-04-17,2025-04-21,4,Hired
CAND-0292,Andres M,Product Manager,Mid,Product,remoti,Test Reviewed,4,2025-04-21,2025-04-24,3,Hired
CAND-0292,Andres M,Product Manager,Mid,Product,remoti,Sezzle Prescreening,5,2025-04-24,2025-04-29,5,Hired
CAND-0292,Andres M,Product Manager,Mid,Product,remoti,Sezzle Interview,6,2025-04-29,2025-05-07,8,Hired
CAND-0292,Andres M,Product Manager,Mid,Product,remoti,Offer,7,2025-05-07,2025-05-10,3,Hired
CAND-0292,Andres M,Product Manager,Mid,Product,remoti,Hired,8,2025-05-10,2025-05-13,3,Hired
CAND-0293,Andres M,IT Vendor Manager,Senior,Operations,remoti,CV Sent,1,2024-12-09,2024-12-13,4,Hired
CAND-0293,Andres M,IT Vendor Manager,Senior,Operations,remoti,Remoti Screening,2,2024-12-13,2024-12-17,4,Hired
CAND-0293,Andres M,IT Vendor Manager,Senior,Operations,remoti,Test Sent,3,2024-12-17,2024-12-26,9,Hired
CAND-0293,Andres M,IT Vendor Manager,Senior,Operations,remoti,Test Reviewed,4,2024-12-26,2024-12-28,2,Hired
CAND-0293,Andres M,IT Vendor Manager,Senior,Operations,remoti,Sezzle Prescreening,5,2024-12-28,2024-12-30,2,Hired
CAND-0293,Andres M,IT Vendor Manager,Senior,Operations,remoti,Sezzle Interview,6,2024-12-30,2025-01-04,5,Hired
CAND-0293,Andres M,IT Vendor Manager,Senior,Operations,remoti,Offer,7,2025-01-04,2025-01-07,3,Hired
CAND-0293,Andres M,IT Vendor Manager,Senior,Operations,remoti,Hired,8,2025-01-07,2025-01-10,3,Hired
CAND-0294,Camila P,Fraud Ops,Junior,Operations,remoti,CV Sent,1,2025-08-22,2025-08-27,5,Dropped
CAND-0294,Camila P,Fraud Ops,Junior,Operations,remoti,Remoti Screening,2,2025-08-27,2025-09-02,6,Dropped
CAND-0295,Camila P,Fraud Ops,Junior,Operations,remoti,CV Sent,1,2026-03-08,2026-03-10,2,Dropped
CAND-0295,Camila P,Fraud Ops,Junior,Operations,remoti,Remoti Screening,2,2026-03-10,2026-03-13,3,Dropped
CAND-0295,Camila P,Fraud Ops,Junior,Operations,remoti,Test Sent,3,2026-03-13,2026-03-19,6,Dropped
CAND-0296,Sofia R,Sr Software Engineer,Senior,Engineering,remoti,CV Sent,1,2025-09-24,2025-09-26,2,Hired
CAND-0296,Sofia R,Sr Software Engineer,Senior,Engineering,remoti,Remoti Screening,2,2025-09-26,2025-09-29,3,Hired
CAND-0296,Sofia R,Sr Software Engineer,Senior,Engineering,remoti,Test Sent,3,2025-09-29,2025-10-03,4,Hired
CAND-0296,Sofia R,Sr Software Engineer,Senior,Engineering,remoti,Test Reviewed,4,2025-10-03,2025-10-08,5,Hired
CAND-0296,Sofia R,Sr Software Engineer,Senior,Engineering,remoti,Sezzle Prescreening,5,2025-10-08,2025-10-11,3,Hired
CAND-0296,Sofia R,Sr Software Engineer,Senior,Engineering,remoti,Sezzle Interview,6,2025-10-11,2025-10-21,10,Hired
CAND-0296,Sofia R,Sr Software Engineer,Senior,Engineering,remoti,Offer,7,2025-10-21,2025-10-23,2,Hired
CAND-0296,Sofia R,Sr Software Engineer,Senior,Engineering,remoti,Hired,8,2025-10-23,2025-10-25,2,Hired
CAND-0297,Andres M,Sr Software Engineer,Senior,Engineering,remoti,CV Sent,1,2024-08-03,2024-08-08,5,Dropped
CAND-0297,Andres M,Sr Software Engineer,Senior,Engineering,remoti,Remoti Screening,2,2024-08-08,2024-08-12,4,Dropped
CAND-0297,Andres M,Sr Software Engineer,Senior,Engineering,remoti,Test Sent,3,2024-08-12,2024-08-21,9,Dropped
CAND-0297,Andres M,Sr Software Engineer,Senior,Engineering,remoti,Test Reviewed,4,2024-08-21,2024-08-22,1,Dropped
CAND-0297,Andres M,Sr Software Engineer,Senior,Engineering,remoti,Sezzle Prescreening,5,2024-08-22,2024-08-26,4,Dropped
CAND-0298,Valentina C,IT Vendor Manager,Senior,Operations,remoti,CV Sent,1,2025-08-10,2025-08-12,2,Hired
CAND-0298,Valentina C,IT Vendor Manager,Senior,Operations,remoti,Remoti Screening,2,2025-08-12,2025-08-17,5,Hired
CAND-0298,Valentina C,IT Vendor Manager,Senior,Operations,remoti,Test Sent,3,2025-08-17,2025-08-20,3,Hired
CAND-0298,Valentina C,IT Vendor Manager,Senior,Operations,remoti,Test Reviewed,4,2025-08-20,2025-08-24,4,Hired
CAND-0298,Valentina C,IT Vendor Manager,Senior,Operations,remoti,Sezzle Prescreening,5,2025-08-24,2025-08-27,3,Hired
CAND-0298,Valentina C,IT Vendor Manager,Senior,Operations,remoti,Sezzle Interview,6,2025-08-27,2025-09-04,8,Hired
CAND-0298,Valentina C,IT Vendor Manager,Senior,Operations,remoti,Offer,7,2025-09-04,2025-09-08,4,Hired
CAND-0298,Valentina C,IT Vendor Manager,Senior,Operations,remoti,Hired,8,2025-09-08,2025-09-10,2,Hired
CAND-0299,Andres M,SRE,Senior,Engineering,remoti,CV Sent,1,2024-08-27,2024-08-28,1,Dropped
CAND-0299,Andres M,SRE,Senior,Engineering,remoti,Remoti Screening,2,2024-08-28,2024-09-01,4,Dropped
CAND-0300,Sofia R,Product Designer,Mid,Product,remoti,CV Sent,1,2025-03-04,2025-03-07,3,Dropped
CAND-0300,Sofia R,Product Designer,Mid,Product,remoti,Remoti Screening,2,2025-03-07,2025-03-12,5,Dropped
CAND-0300,Sofia R,Product Designer,Mid,Product,remoti,Test Sent,3,2025-03-12,2025-03-21,9,Dropped
CAND-0300,Sofia R,Product Designer,Mid,Product,remoti,Test Reviewed,4,2025-03-21,2025-03-23,2,Dropped
CAND-0300,Sofia R,Product Designer,Mid,Product,remoti,Sezzle Prescreening,5,2025-03-23,2025-03-28,5,Dropped
CAND-0301,Juan S,Mid Software Engineer,Mid,Engineering,remoti,CV Sent,1,2025-08-13,2025-08-15,2,Dropped
CAND-0302,Camila P,Sr AI Engineer,Senior,Engineering,client,CV Sent,1,2025-10-18,2025-10-19,1,Hired
CAND-0302,Camila P,Sr AI Engineer,Senior,Engineering,client,Remoti Screening,2,2025-10-19,2025-10-26,7,Hired
CAND-0302,Camila P,Sr AI Engineer,Senior,Engineering,client,Test Sent,3,2025-10-26,2025-11-01,6,Hired
CAND-0302,Camila P,Sr AI Engineer,Senior,Engineering,client,Test Reviewed,4,2025-11-01,2025-11-03,2,Hired
CAND-0302,Camila P,Sr AI Engineer,Senior,Engineering,client,Sezzle Prescreening,5,2025-11-03,2025-11-08,5,Hired
CAND-0302,Camila P,Sr AI Engineer,Senior,Engineering,client,Sezzle Interview,6,2025-11-08,2025-11-13,5,Hired
CAND-0302,Camila P,Sr AI Engineer,Senior,Engineering,client,Offer,7,2025-11-13,2025-11-18,5,Hired
CAND-0302,Camila P,Sr AI Engineer,Senior,Engineering,client,Hired,8,2025-11-18,2025-11-21,3,Hired
CAND-0303,Valentina C,Product Manager,Mid,Product,remoti,CV Sent,1,2025-12-07,2025-12-10,3,Dropped
CAND-0303,Valentina C,Product Manager,Mid,Product,remoti,Remoti Screening,2,2025-12-10,2025-12-16,6,Dropped
CAND-0303,Valentina C,Product Manager,Mid,Product,remoti,Test Sent,3,2025-12-16,2025-12-21,5,Dropped
CAND-0303,Valentina C,Product Manager,Mid,Product,remoti,Test Reviewed,4,2025-12-21,2025-12-23,2,Dropped
CAND-0304,Andres M,Mobile Engineer,Mid,Engineering,remoti,CV Sent,1,2024-07-04,2024-07-08,4,Dropped
CAND-0304,Andres M,Mobile Engineer,Mid,Engineering,remoti,Remoti Screening,2,2024-07-08,2024-07-14,6,Dropped
CAND-0305,Juan S,Junior Software Engineer,Junior,Engineering,remoti,CV Sent,1,2025-09-13,2025-09-18,5,Dropped
CAND-0305,Juan S,Junior Software Engineer,Junior,Engineering,remoti,Remoti Screening,2,2025-09-18,2025-09-25,7,Dropped
CAND-0305,Juan S,Junior Software Engineer,Junior,Engineering,remoti,Test Sent,3,2025-09-25,2025-10-05,10,Dropped
CAND-0305,Juan S,Junior Software Engineer,Junior,Engineering,remoti,Test Reviewed,4,2025-10-05,2025-10-12,7,Dropped
CAND-0306,Diego L,IT Operations,Junior,Operations,remoti,CV Sent,1,2026-02-02,2026-02-07,5,Dropped
CAND-0306,Diego L,IT Operations,Junior,Operations,remoti,Remoti Screening,2,2026-02-07,2026-02-10,3,Dropped
CAND-0306,Diego L,IT Operations,Junior,Operations,remoti,Test Sent,3,2026-02-10,2026-02-15,5,Dropped
CAND-0306,Diego L,IT Operations,Junior,Operations,remoti,Test Reviewed,4,2026-02-15,2026-02-16,1,Dropped
CAND-0306,Diego L,IT Operations,Junior,Operations,remoti,Sezzle Prescreening,5,2026-02-16,2026-02-22,6,Dropped
CAND-0306,Diego L,IT Operations,Junior,Operations,remoti,Sezzle Interview,6,2026-02-22,2026-02-28,6,Dropped
CAND-0307,Camila P,SRE,Senior,Engineering,remoti,CV Sent,1,2025-11-05,2025-11-07,2,Dropped
CAND-0307,Camila P,SRE,Senior,Engineering,remoti,Remoti Screening,2,2025-11-07,2025-11-11,4,Dropped
CAND-0307,Camila P,SRE,Senior,Engineering,remoti,Test Sent,3,2025-11-11,2025-11-14,3,Dropped
CAND-0308,Diego L,IT Vendor Manager,Senior,Operations,remoti,CV Sent,1,2025-09-22,2025-09-25,3,Hired
CAND-0308,Diego L,IT Vendor Manager,Senior,Operations,remoti,Remoti Screening,2,2025-09-25,2025-09-30,5,Hired
CAND-0308,Diego L,IT Vendor Manager,Senior,Operations,remoti,Test Sent,3,2025-09-30,2025-10-08,8,Hired
CAND-0308,Diego L,IT Vendor Manager,Senior,Operations,remoti,Test Reviewed,4,2025-10-08,2025-10-13,5,Hired
CAND-0308,Diego L,IT Vendor Manager,Senior,Operations,remoti,Sezzle Prescreening,5,2025-10-13,2025-10-17,4,Hired
CAND-0308,Diego L,IT Vendor Manager,Senior,Operations,remoti,Sezzle Interview,6,2025-10-17,2025-10-27,10,Hired
CAND-0308,Diego L,IT Vendor Manager,Senior,Operations,remoti,Offer,7,2025-10-27,2025-10-31,4,Hired
CAND-0308,Diego L,IT Vendor Manager,Senior,Operations,remoti,Hired,8,2025-10-31,2025-11-03,3,Hired
CAND-0309,Juan S,IT Vendor Manager,Senior,Operations,remoti,CV Sent,1,2024-08-27,2024-08-31,4,Dropped
CAND-0309,Juan S,IT Vendor Manager,Senior,Operations,remoti,Remoti Screening,2,2024-08-31,2024-09-03,3,Dropped
CAND-0310,Juan S,Product Manager,Mid,Product,client,CV Sent,1,2024-06-17,2024-06-21,4,Hired
CAND-0310,Juan S,Product Manager,Mid,Product,client,Remoti Screening,2,2024-06-21,2024-06-23,2,Hired
CAND-0310,Juan S,Product Manager,Mid,Product,client,Test Sent,3,2024-06-23,2024-06-27,4,Hired
CAND-0310,Juan S,Product Manager,Mid,Product,client,Test Reviewed,4,2024-06-27,2024-07-02,5,Hired
CAND-0310,Juan S,Product Manager,Mid,Product,client,Sezzle Prescreening,5,2024-07-02,2024-07-04,2,Hired
CAND-0310,Juan S,Product Manager,Mid,Product,client,Sezzle Interview,6,2024-07-04,2024-07-12,8,Hired
CAND-0310,Juan S,Product Manager,Mid,Product,client,Offer,7,2024-07-12,2024-07-14,2,Hired
CAND-0310,Juan S,Product Manager,Mid,Product,client,Hired,8,2024-07-14,2024-07-16,2,Hired
CAND-0311,Juan S,SRE,Senior,Engineering,client,CV Sent,1,2024-03-03,2024-03-05,2,Dropped
CAND-0311,Juan S,SRE,Senior,Engineering,client,Remoti Screening,2,2024-03-05,2024-03-10,5,Dropped
CAND-0312,Camila P,Mid Software Engineer,Mid,Engineering,remoti,CV Sent,1,2025-12-20,2025-12-22,2,Dropped
CAND-0312,Camila P,Mid Software Engineer,Mid,Engineering,remoti,Remoti Screening,2,2025-12-22,2025-12-29,7,Dropped
CAND-0313,Valentina C,Junior Software Engineer,Junior,Engineering,client,CV Sent,1,2024-12-31,2025-01-04,4,Hired
CAND-0313,Valentina C,Junior Software Engineer,Junior,Engineering,client,Remoti Screening,2,2025-01-04,2025-01-07,3,Hired
CAND-0313,Valentina C,Junior Software Engineer,Junior,Engineering,client,Test Sent,3,2025-01-07,2025-01-10,3,Hired
CAND-0313,Valentina C,Junior Software Engineer,Junior,Engineering,client,Test Reviewed,4,2025-01-10,2025-01-15,5,Hired
CAND-0313,Valentina C,Junior Software Engineer,Junior,Engineering,client,Sezzle Prescreening,5,2025-01-15,2025-01-23,8,Hired
CAND-0313,Valentina C,Junior Software Engineer,Junior,Engineering,client,Sezzle Interview,6,2025-01-23,2025-02-04,12,Hired
CAND-0313,Valentina C,Junior Software Engineer,Junior,Engineering,client,Offer,7,2025-02-04,2025-02-08,4,Hired
CAND-0313,Valentina C,Junior Software Engineer,Junior,Engineering,client,Hired,8,2025-02-08,2025-02-09,1,Hired
CAND-0314,Valentina C,Data Engineer,Mid,Engineering,remoti,CV Sent,1,2025-06-06,2025-06-07,1,Hired
CAND-0314,Valentina C,Data Engineer,Mid,Engineering,remoti,Remoti Screening,2,2025-06-07,2025-06-13,6,Hired
CAND-0314,Valentina C,Data Engineer,Mid,Engineering,remoti,Test Sent,3,2025-06-13,2025-06-16,3,Hired
CAND-0314,Valentina C,Data Engineer,Mid,Engineering,remoti,Test Reviewed,4,2025-06-16,2025-06-19,3,Hired
CAND-0314,Valentina C,Data Engineer,Mid,Engineering,remoti,Sezzle Prescreening,5,2025-06-19,2025-06-27,8,Hired
CAND-0314,Valentina C,Data Engineer,Mid,Engineering,remoti,Sezzle Interview,6,2025-06-27,2025-07-04,7,Hired
CAND-0314,Valentina C,Data Engineer,Mid,Engineering,remoti,Offer,7,2025-07-04,2025-07-09,5,Hired
CAND-0314,Valentina C,Data Engineer,Mid,Engineering,remoti,Hired,8,2025-07-09,2025-07-10,1,Hired
CAND-0315,Camila P,Product Manager,Mid,Product,client,CV Sent,1,2025-05-12,2025-05-13,1,Hired
CAND-0315,Camila P,Product Manager,Mid,Product,client,Remoti Screening,2,2025-05-13,2025-05-18,5,Hired
CAND-0315,Camila P,Product Manager,Mid,Product,client,Test Sent,3,2025-05-18,2025-05-23,5,Hired
CAND-0315,Camila P,Product Manager,Mid,Product,client,Test Reviewed,4,2025-05-23,2025-05-25,2,Hired
CAND-0315,Camila P,Product Manager,Mid,Product,client,Sezzle Prescreening,5,2025-05-25,2025-05-30,5,Hired
CAND-0315,Camila P,Product Manager,Mid,Product,client,Sezzle Interview,6,2025-05-30,2025-06-10,11,Hired
CAND-0315,Camila P,Product Manager,Mid,Product,client,Offer,7,2025-06-10,2025-06-17,7,Hired
CAND-0315,Camila P,Product Manager,Mid,Product,client,Hired,8,2025-06-17,2025-06-18,1,Hired
CAND-0316,Juan S,Mobile Engineer,Mid,Engineering,client,CV Sent,1,2024-03-22,2024-03-27,5,Dropped
CAND-0316,Juan S,Mobile Engineer,Mid,Engineering,client,Remoti Screening,2,2024-03-27,2024-04-01,5,Dropped
CAND-0316,Juan S,Mobile Engineer,Mid,Engineering,client,Test Sent,3,2024-04-01,2024-04-06,5,Dropped
CAND-0316,Juan S,Mobile Engineer,Mid,Engineering,client,Test Reviewed,4,2024-04-06,2024-04-09,3,Dropped
CAND-0317,Andres M,Product Designer,Mid,Product,client,CV Sent,1,2024-10-02,2024-10-04,2,Dropped
CAND-0317,Andres M,Product Designer,Mid,Product,client,Remoti Screening,2,2024-10-04,2024-10-07,3,Dropped
CAND-0317,Andres M,Product Designer,Mid,Product,client,Test Sent,3,2024-10-07,2024-10-14,7,Dropped
CAND-0318,Diego L,Sr AI Engineer,Senior,Engineering,remoti,CV Sent,1,2026-02-25,2026-03-02,5,Hired
CAND-0318,Diego L,Sr AI Engineer,Senior,Engineering,remoti,Remoti Screening,2,2026-03-02,2026-03-07,5,Hired
CAND-0318,Diego L,Sr AI Engineer,Senior,Engineering,remoti,Test Sent,3,2026-03-07,2026-03-14,7,Hired
CAND-0318,Diego L,Sr AI Engineer,Senior,Engineering,remoti,Test Reviewed,4,2026-03-14,2026-03-19,5,Hired
CAND-0318,Diego L,Sr AI Engineer,Senior,Engineering,remoti,Sezzle Prescreening,5,2026-03-19,2026-03-24,5,Hired
CAND-0318,Diego L,Sr AI Engineer,Senior,Engineering,remoti,Sezzle Interview,6,2026-03-24,2026-04-04,11,Hired
CAND-0318,Diego L,Sr AI Engineer,Senior,Engineering,remoti,Offer,7,2026-04-04,2026-04-07,3,Hired
CAND-0318,Diego L,Sr AI Engineer,Senior,Engineering,remoti,Hired,8,2026-04-07,2026-04-08,1,Hired
CAND-0319,Diego L,IT Operations,Junior,Operations,client,CV Sent,1,2024-02-07,2024-02-12,5,Hired
CAND-0319,Diego L,IT Operations,Junior,Operations,client,Remoti Screening,2,2024-02-12,2024-02-19,7,Hired
CAND-0319,Diego L,IT Operations,Junior,Operations,client,Test Sent,3,2024-02-19,2024-02-28,9,Hired
CAND-0319,Diego L,IT Operations,Junior,Operations,client,Test Reviewed,4,2024-02-28,2024-03-05,6,Hired
CAND-0319,Diego L,IT Operations,Junior,Operations,client,Sezzle Prescreening,5,2024-03-05,2024-03-09,4,Hired
CAND-0319,Diego L,IT Operations,Junior,Operations,client,Sezzle Interview,6,2024-03-09,2024-03-12,3,Hired
CAND-0319,Diego L,IT Operations,Junior,Operations,client,Offer,7,2024-03-12,2024-03-17,5,Hired
CAND-0319,Diego L,IT Operations,Junior,Operations,client,Hired,8,2024-03-17,2024-03-19,2,Hired
CAND-0320,Andres M,Fraud Ops,Junior,Operations,remoti,CV Sent,1,2024-09-03,2024-09-06,3,Hired
CAND-0320,Andres M,Fraud Ops,Junior,Operations,remoti,Remoti Screening,2,2024-09-06,2024-09-12,6,Hired
CAND-0320,Andres M,Fraud Ops,Junior,Operations,remoti,Test Sent,3,2024-09-12,2024-09-16,4,Hired
CAND-0320,Andres M,Fraud Ops,Junior,Operations,remoti,Test Reviewed,4,2024-09-16,2024-09-18,2,Hired
CAND-0320,Andres M,Fraud Ops,Junior,Operations,remoti,Sezzle Prescreening,5,2024-09-18,2024-09-26,8,Hired
CAND-0320,Andres M,Fraud Ops,Junior,Operations,remoti,Sezzle Interview,6,2024-09-26,2024-10-05,9,Hired
CAND-0320,Andres M,Fraud Ops,Junior,Operations,remoti,Offer,7,2024-10-05,2024-10-08,3,Hired
CAND-0320,Andres M,Fraud Ops,Junior,Operations,remoti,Hired,8,2024-10-08,2024-10-11,3,Hired
CAND-0321,Juan S,IT Vendor Manager,Senior,Operations,remoti,CV Sent,1,2024-09-02,2024-09-07,5,Dropped
CAND-0321,Juan S,IT Vendor Manager,Senior,Operations,remoti,Remoti Screening,2,2024-09-07,2024-09-12,5,Dropped
CAND-0322,Andres M,IT Vendor Manager,Senior,Operations,remoti,CV Sent,1,2024-05-21,2024-05-26,5,Dropped
CAND-0322,Andres M,IT Vendor Manager,Senior,Operations,remoti,Remoti Screening,2,2024-05-26,2024-05-30,4,Dropped
CAND-0322,Andres M,IT Vendor Manager,Senior,Operations,remoti,Test Sent,3,2024-05-30,2024-06-05,6,Dropped
CAND-0322,Andres M,IT Vendor Manager,Senior,Operations,remoti,Test Reviewed,4,2024-06-05,2024-06-12,7,Dropped
CAND-0322,Andres M,IT Vendor Manager,Senior,Operations,remoti,Sezzle Prescreening,5,2024-06-12,2024-06-17,5,Dropped
CAND-0323,Juan S,Mobile Engineer,Mid,Engineering,remoti,CV Sent,1,2026-02-05,2026-02-08,3,Dropped
CAND-0323,Juan S,Mobile Engineer,Mid,Engineering,remoti,Remoti Screening,2,2026-02-08,2026-02-12,4,Dropped
CAND-0323,Juan S,Mobile Engineer,Mid,Engineering,remoti,Test Sent,3,2026-02-12,2026-02-18,6,Dropped
CAND-0323,Juan S,Mobile Engineer,Mid,Engineering,remoti,Test Reviewed,4,2026-02-18,2026-02-22,4,Dropped
CAND-0324,Juan S,Data Engineer,Mid,Engineering,remoti,CV Sent,1,2024-07-01,2024-07-04,3,Hired
CAND-0324,Juan S,Data Engineer,Mid,Engineering,remoti,Remoti Screening,2,2024-07-04,2024-07-11,7,Hired
CAND-0324,Juan S,Data Engineer,Mid,Engineering,remoti,Test Sent,3,2024-07-11,2024-07-20,9,Hired
CAND-0324,Juan S,Data Engineer,Mid,Engineering,remoti,Test Reviewed,4,2024-07-20,2024-07-24,4,Hired
CAND-0324,Juan S,Data Engineer,Mid,Engineering,remoti,Sezzle Prescreening,5,2024-07-24,2024-07-29,5,Hired
CAND-0324,Juan S,Data Engineer,Mid,Engineering,remoti,Sezzle Interview,6,2024-07-29,2024-08-03,5,Hired
CAND-0324,Juan S,Data Engineer,Mid,Engineering,remoti,Offer,7,2024-08-03,2024-08-10,7,Hired
CAND-0324,Juan S,Data Engineer,Mid,Engineering,remoti,Hired,8,2024-08-10,2024-08-12,2,Hired
CAND-0325,Diego L,Product Manager,Mid,Product,client,CV Sent,1,2024-03-18,2024-03-19,1,Hired
CAND-0325,Diego L,Product Manager,Mid,Product,client,Remoti Screening,2,2024-03-19,2024-03-22,3,Hired
CAND-0325,Diego L,Product Manager,Mid,Product,client,Test Sent,3,2024-03-22,2024-03-28,6,Hired
CAND-0325,Diego L,Product Manager,Mid,Product,client,Test Reviewed,4,2024-03-28,2024-04-02,5,Hired
CAND-0325,Diego L,Product Manager,Mid,Product,client,Sezzle Prescreening,5,2024-04-02,2024-04-06,4,Hired
CAND-0325,Diego L,Product Manager,Mid,Product,client,Sezzle Interview,6,2024-04-06,2024-04-14,8,Hired
CAND-0325,Diego L,Product Manager,Mid,Product,client,Offer,7,2024-04-14,2024-04-20,6,Hired
CAND-0325,Diego L,Product Manager,Mid,Product,client,Hired,8,2024-04-20,2024-04-22,2,Hired
CAND-0326,Andres M,IT Vendor Manager,Senior,Operations,client,CV Sent,1,2025-11-12,2025-11-15,3,Dropped
CAND-0326,Andres M,IT Vendor Manager,Senior,Operations,client,Remoti Screening,2,2025-11-15,2025-11-22,7,Dropped
CAND-0326,Andres M,IT Vendor Manager,Senior,Operations,client,Test Sent,3,2025-11-22,2025-11-27,5,Dropped
CAND-0327,Sofia R,Data Engineer,Mid,Engineering,client,CV Sent,1,2025-06-24,2025-06-25,1,Dropped
CAND-0327,Sofia R,Data Engineer,Mid,Engineering,client,Remoti Screening,2,2025-06-25,2025-07-01,6,Dropped
CAND-0328,Juan S,Mid Software Engineer,Mid,Engineering,remoti,CV Sent,1,2025-10-07,2025-10-09,2,Dropped
CAND-0328,Juan S,Mid Software Engineer,Mid,Engineering,remoti,Remoti Screening,2,2025-10-09,2025-10-12,3,Dropped
CAND-0329,Camila P,Mobile Engineer,Mid,Engineering,client,CV Sent,1,2025-07-19,2025-07-23,4,Hired
CAND-0329,Camila P,Mobile Engineer,Mid,Engineering,client,Remoti Screening,2,2025-07-23,2025-07-30,7,Hired
CAND-0329,Camila P,Mobile Engineer,Mid,Engineering,client,Test Sent,3,2025-07-30,2025-08-08,9,Hired
CAND-0329,Camila P,Mobile Engineer,Mid,Engineering,client,Test Reviewed,4,2025-08-08,2025-08-14,6,Hired
CAND-0329,Camila P,Mobile Engineer,Mid,Engineering,client,Sezzle Prescreening,5,2025-08-14,2025-08-19,5,Hired
CAND-0329,Camila P,Mobile Engineer,Mid,Engineering,client,Sezzle Interview,6,2025-08-19,2025-08-30,11,Hired
CAND-0329,Camila P,Mobile Engineer,Mid,Engineering,client,Offer,7,2025-08-30,2025-09-03,4,Hired
CAND-0329,Camila P,Mobile Engineer,Mid,Engineering,client,Hired,8,2025-09-03,2025-09-04,1,Hired
CAND-0330,Diego L,Sr Software Engineer,Senior,Engineering,remoti,CV Sent,1,2024-11-10,2024-11-11,1,Dropped
CAND-0331,Camila P,Sr Software Engineer,Senior,Engineering,remoti,CV Sent,1,2025-05-22,2025-05-26,4,Hired
CAND-0331,Camila P,Sr Software Engineer,Senior,Engineering,remoti,Remoti Screening,2,2025-05-26,2025-05-31,5,Hired
CAND-0331,Camila P,Sr Software Engineer,Senior,Engineering,remoti,Test Sent,3,2025-05-31,2025-06-05,5,Hired
CAND-0331,Camila P,Sr Software Engineer,Senior,Engineering,remoti,Test Reviewed,4,2025-06-05,2025-06-10,5,Hired
CAND-0331,Camila P,Sr Software Engineer,Senior,Engineering,remoti,Sezzle Prescreening,5,2025-06-10,2025-06-15,5,Hired
CAND-0331,Camila P,Sr Software Engineer,Senior,Engineering,remoti,Sezzle Interview,6,2025-06-15,2025-06-24,9,Hired
CAND-0331,Camila P,Sr Software Engineer,Senior,Engineering,remoti,Offer,7,2025-06-24,2025-06-27,3,Hired
CAND-0331,Camila P,Sr Software Engineer,Senior,Engineering,remoti,Hired,8,2025-06-27,2025-06-30,3,Hired
CAND-0332,Sofia R,Mid Software Engineer,Mid,Engineering,remoti,CV Sent,1,2024-09-06,2024-09-11,5,Hired
CAND-0332,Sofia R,Mid Software Engineer,Mid,Engineering,remoti,Remoti Screening,2,2024-09-11,2024-09-17,6,Hired
CAND-0332,Sofia R,Mid Software Engineer,Mid,Engineering,remoti,Test Sent,3,2024-09-17,2024-09-23,6,Hired
CAND-0332,Sofia R,Mid Software Engineer,Mid,Engineering,remoti,Test Reviewed,4,2024-09-23,2024-09-29,6,Hired
CAND-0332,Sofia R,Mid Software Engineer,Mid,Engineering,remoti,Sezzle Prescreening,5,2024-09-29,2024-10-03,4,Hired
CAND-0332,Sofia R,Mid Software Engineer,Mid,Engineering,remoti,Sezzle Interview,6,2024-10-03,2024-10-07,4,Hired
CAND-0332,Sofia R,Mid Software Engineer,Mid,Engineering,remoti,Offer,7,2024-10-07,2024-10-11,4,Hired
CAND-0332,Sofia R,Mid Software Engineer,Mid,Engineering,remoti,Hired,8,2024-10-11,2024-10-13,2,Hired
CAND-0333,Camila P,Sr Software Engineer,Senior,Engineering,remoti,CV Sent,1,2024-11-28,2024-11-29,1,Dropped
CAND-0333,Camila P,Sr Software Engineer,Senior,Engineering,remoti,Remoti Screening,2,2024-11-29,2024-12-05,6,Dropped
CAND-0334,Diego L,Mid Software Engineer,Mid,Engineering,client,CV Sent,1,2024-08-30,2024-08-31,1,Dropped
CAND-0334,Diego L,Mid Software Engineer,Mid,Engineering,client,Remoti Screening,2,2024-08-31,2024-09-05,5,Dropped
CAND-0335,Sofia R,Mobile Engineer,Mid,Engineering,remoti,CV Sent,1,2026-02-11,2026-02-13,2,Dropped
CAND-0336,Andres M,Mobile Engineer,Mid,Engineering,client,CV Sent,1,2024-09-17,2024-09-21,4,Dropped
CAND-0336,Andres M,Mobile Engineer,Mid,Engineering,client,Remoti Screening,2,2024-09-21,2024-09-23,2,Dropped
CAND-0336,Andres M,Mobile Engineer,Mid,Engineering,client,Test Sent,3,2024-09-23,2024-09-28,5,Dropped
CAND-0336,Andres M,Mobile Engineer,Mid,Engineering,client,Test Reviewed,4,2024-09-28,2024-10-02,4,Dropped
CAND-0337,Sofia R,Product Designer,Mid,Product,remoti,CV Sent,1,2024-08-05,2024-08-09,4,Hired
CAND-0337,Sofia R,Product Designer,Mid,Product,remoti,Remoti Screening,2,2024-08-09,2024-08-13,4,Hired
CAND-0337,Sofia R,Product Designer,Mid,Product,remoti,Test Sent,3,2024-08-13,2024-08-17,4,Hired
CAND-0337,Sofia R,Product Designer,Mid,Product,remoti,Test Reviewed,4,2024-08-17,2024-08-18,1,Hired
CAND-0337,Sofia R,Product Designer,Mid,Product,remoti,Sezzle Prescreening,5,2024-08-18,2024-08-24,6,Hired
CAND-0337,Sofia R,Product Designer,Mid,Product,remoti,Sezzle Interview,6,2024-08-24,2024-08-31,7,Hired
CAND-0337,Sofia R,Product Designer,Mid,Product,remoti,Offer,7,2024-08-31,2024-09-04,4,Hired
CAND-0337,Sofia R,Product Designer,Mid,Product,remoti,Hired,8,2024-09-04,2024-09-05,1,Hired
CAND-0338,Andres M,Sr AI Engineer,Senior,Engineering,remoti,CV Sent,1,2024-12-02,2024-12-03,1,Hired
CAND-0338,Andres M,Sr AI Engineer,Senior,Engineering,remoti,Remoti Screening,2,2024-12-03,2024-12-07,4,Hired
CAND-0338,Andres M,Sr AI Engineer,Senior,Engineering,remoti,Test Sent,3,2024-12-07,2024-12-15,8,Hired
CAND-0338,Andres M,Sr AI Engineer,Senior,Engineering,remoti,Test Reviewed,4,2024-12-15,2024-12-16,1,Hired
CAND-0338,Andres M,Sr AI Engineer,Senior,Engineering,remoti,Sezzle Prescreening,5,2024-12-16,2024-12-22,6,Hired
CAND-0338,Andres M,Sr AI Engineer,Senior,Engineering,remoti,Sezzle Interview,6,2024-12-22,2025-01-01,10,Hired
CAND-0338,Andres M,Sr AI Engineer,Senior,Engineering,remoti,Offer,7,2025-01-01,2025-01-04,3,Hired
CAND-0338,Andres M,Sr AI Engineer,Senior,Engineering,remoti,Hired,8,2025-01-04,2025-01-05,1,Hired
CAND-0339,Juan S,SRE,Senior,Engineering,remoti,CV Sent,1,2026-02-20,2026-02-21,1,Dropped
CAND-0340,Andres M,IT Operations,Junior,Operations,remoti,CV Sent,1,2024-11-24,2024-11-29,5,Hired
CAND-0340,Andres M,IT Operations,Junior,Operations,remoti,Remoti Screening,2,2024-11-29,2024-12-03,4,Hired
CAND-0340,Andres M,IT Operations,Junior,Operations,remoti,Test Sent,3,2024-12-03,2024-12-12,9,Hired
CAND-0340,Andres M,IT Operations,Junior,Operations,remoti,Test Reviewed,4,2024-12-12,2024-12-13,1,Hired
CAND-0340,Andres M,IT Operations,Junior,Operations,remoti,Sezzle Prescreening,5,2024-12-13,2024-12-17,4,Hired
CAND-0340,Andres M,IT Operations,Junior,Operations,remoti,Sezzle Interview,6,2024-12-17,2024-12-24,7,Hired
CAND-0340,Andres M,IT Operations,Junior,Operations,remoti,Offer,7,2024-12-24,2024-12-29,5,Hired
CAND-0340,Andres M,IT Operations,Junior,Operations,remoti,Hired,8,2024-12-29,2025-01-01,3,Hired
CAND-0341,Andres M,Product Designer,Mid,Product,remoti,CV Sent,1,2025-07-14,2025-07-17,3,Dropped
CAND-0341,Andres M,Product Designer,Mid,Product,remoti,Remoti Screening,2,2025-07-17,2025-07-22,5,Dropped
CAND-0341,Andres M,Product Designer,Mid,Product,remoti,Test Sent,3,2025-07-22,2025-08-01,10,Dropped
CAND-0342,Camila P,IT Vendor Manager,Senior,Operations,remoti,CV Sent,1,2024-01-05,2024-01-10,5,Hired
CAND-0342,Camila P,IT Vendor Manager,Senior,Operations,remoti,Remoti Screening,2,2024-01-10,2024-01-13,3,Hired
CAND-0342,Camila P,IT Vendor Manager,Senior,Operations,remoti,Test Sent,3,2024-01-13,2024-01-20,7,Hired
CAND-0342,Camila P,IT Vendor Manager,Senior,Operations,remoti,Test Reviewed,4,2024-01-20,2024-01-22,2,Hired
CAND-0342,Camila P,IT Vendor Manager,Senior,Operations,remoti,Sezzle Prescreening,5,2024-01-22,2024-01-24,2,Hired
CAND-0342,Camila P,IT Vendor Manager,Senior,Operations,remoti,Sezzle Interview,6,2024-01-24,2024-02-04,11,Hired
CAND-0342,Camila P,IT Vendor Manager,Senior,Operations,remoti,Offer,7,2024-02-04,2024-02-07,3,Hired
CAND-0342,Camila P,IT Vendor Manager,Senior,Operations,remoti,Hired,8,2024-02-07,2024-02-09,2,Hired
CAND-0343,Valentina C,Product Manager,Mid,Product,remoti,CV Sent,1,2024-11-29,2024-11-30,1,Dropped
CAND-0343,Valentina C,Product Manager,Mid,Product,remoti,Remoti Screening,2,2024-11-30,2024-12-07,7,Dropped
CAND-0344,Andres M,Fraud Ops,Junior,Operations,remoti,CV Sent,1,2024-07-19,2024-07-20,1,Dropped
CAND-0345,Camila P,SRE,Senior,Engineering,client,CV Sent,1,2024-09-23,2024-09-24,1,Dropped
CAND-0345,Camila P,SRE,Senior,Engineering,client,Remoti Screening,2,2024-09-24,2024-09-30,6,Dropped
CAND-0345,Camila P,SRE,Senior,Engineering,client,Test Sent,3,2024-09-30,2024-10-02,2,Dropped
CAND-0345,Camila P,SRE,Senior,Engineering,client,Test Reviewed,4,2024-10-02,2024-10-04,2,Dropped
CAND-0345,Camila P,SRE,Senior,Engineering,client,Sezzle Prescreening,5,2024-10-04,2024-10-12,8,Dropped
CAND-0346,Diego L,Data Engineer,Mid,Engineering,client,CV Sent,1,2026-03-28,2026-03-29,1,Dropped
CAND-0346,Diego L,Data Engineer,Mid,Engineering,client,Remoti Screening,2,2026-03-29,2026-04-02,4,Dropped
CAND-0346,Diego L,Data Engineer,Mid,Engineering,client,Test Sent,3,2026-04-02,2026-04-05,3,Dropped
CAND-0346,Diego L,Data Engineer,Mid,Engineering,client,Test Reviewed,4,2026-04-05,2026-04-06,1,Dropped
CAND-0346,Diego L,Data Engineer,Mid,Engineering,client,Sezzle Prescreening,5,2026-04-06,2026-04-12,6,Dropped
CAND-0347,Camila P,Mid Software Engineer,Mid,Engineering,remoti,CV Sent,1,2025-08-10,2025-08-12,2,Hired
CAND-0347,Camila P,Mid Software Engineer,Mid,Engineering,remoti,Remoti Screening,2,2025-08-12,2025-08-18,6,Hired
CAND-0347,Camila P,Mid Software Engineer,Mid,Engineering,remoti,Test Sent,3,2025-08-18,2025-08-21,3,Hired
CAND-0347,Camila P,Mid Software Engineer,Mid,Engineering,remoti,Test Reviewed,4,2025-08-21,2025-08-26,5,Hired
CAND-0347,Camila P,Mid Software Engineer,Mid,Engineering,remoti,Sezzle Prescreening,5,2025-08-26,2025-08-31,5,Hired
CAND-0347,Camila P,Mid Software Engineer,Mid,Engineering,remoti,Sezzle Interview,6,2025-08-31,2025-09-09,9,Hired
CAND-0347,Camila P,Mid Software Engineer,Mid,Engineering,remoti,Offer,7,2025-09-09,2025-09-12,3,Hired
CAND-0347,Camila P,Mid Software Engineer,Mid,Engineering,remoti,Hired,8,2025-09-12,2025-09-15,3,Hired
CAND-0348,Andres M,Sr Software Engineer,Senior,Engineering,remoti,CV Sent,1,2025-09-10,2025-09-14,4,Hired
CAND-0348,Andres M,Sr Software Engineer,Senior,Engineering,remoti,Remoti Screening,2,2025-09-14,2025-09-18,4,Hired
CAND-0348,Andres M,Sr Software Engineer,Senior,Engineering,remoti,Test Sent,3,2025-09-18,2025-09-25,7,Hired
CAND-0348,Andres M,Sr Software Engineer,Senior,Engineering,remoti,Test Reviewed,4,2025-09-25,2025-09-29,4,Hired
CAND-0348,Andres M,Sr Software Engineer,Senior,Engineering,remoti,Sezzle Prescreening,5,2025-09-29,2025-10-04,5,Hired
CAND-0348,Andres M,Sr Software Engineer,Senior,Engineering,remoti,Sezzle Interview,6,2025-10-04,2025-10-12,8,Hired
CAND-0348,Andres M,Sr Software Engineer,Senior,Engineering,remoti,Offer,7,2025-10-12,2025-10-18,6,Hired
CAND-0348,Andres M,Sr Software Engineer,Senior,Engineering,remoti,Hired,8,2025-10-18,2025-10-20,2,Hired
CAND-0349,Diego L,Sr Software Engineer,Senior,Engineering,remoti,CV Sent,1,2025-02-14,2025-02-15,1,Dropped
CAND-0349,Diego L,Sr Software Engineer,Senior,Engineering,remoti,Remoti Screening,2,2025-02-15,2025-02-19,4,Dropped
CAND-0349,Diego L,Sr Software Engineer,Senior,Engineering,remoti,Test Sent,3,2025-02-19,2025-03-01,10,Dropped
CAND-0350,Andres M,Sr AI Engineer,Senior,Engineering,client,CV Sent,1,2024-01-27,2024-01-30,3,Dropped
CAND-0350,Andres M,Sr AI Engineer,Senior,Engineering,client,Remoti Screening,2,2024-01-30,2024-02-05,6,Dropped
CAND-0350,Andres M,Sr AI Engineer,Senior,Engineering,client,Test Sent,3,2024-02-05,2024-02-09,4,Dropped
CAND-0351,Camila P,Sr Software Engineer,Senior,Engineering,remoti,CV Sent,1,2024-09-23,2024-09-26,3,Hired
CAND-0351,Camila P,Sr Software Engineer,Senior,Engineering,remoti,Remoti Screening,2,2024-09-26,2024-10-01,5,Hired
CAND-0351,Camila P,Sr Software Engineer,Senior,Engineering,remoti,Test Sent,3,2024-10-01,2024-10-06,5,Hired
CAND-0351,Camila P,Sr Software Engineer,Senior,Engineering,remoti,Test Reviewed,4,2024-10-06,2024-10-12,6,Hired
CAND-0351,Camila P,Sr Software Engineer,Senior,Engineering,remoti,Sezzle Prescreening,5,2024-10-12,2024-10-17,5,Hired
CAND-0351,Camila P,Sr Software Engineer,Senior,Engineering,remoti,Sezzle Interview,6,2024-10-17,2024-10-29,12,Hired
CAND-0351,Camila P,Sr Software Engineer,Senior,Engineering,remoti,Offer,7,2024-10-29,2024-10-31,2,Hired
CAND-0351,Camila P,Sr Software Engineer,Senior,Engineering,remoti,Hired,8,2024-10-31,2024-11-02,2,Hired
CAND-0352,Sofia R,Sr Software Engineer,Senior,Engineering,client,CV Sent,1,2024-12-12,2024-12-15,3,Hired
CAND-0352,Sofia R,Sr Software Engineer,Senior,Engineering,client,Remoti Screening,2,2024-12-15,2024-12-20,5,Hired
CAND-0352,Sofia R,Sr Software Engineer,Senior,Engineering,client,Test Sent,3,2024-12-20,2024-12-23,3,Hired
CAND-0352,Sofia R,Sr Software Engineer,Senior,Engineering,client,Test Reviewed,4,2024-12-23,2024-12-25,2,Hired
CAND-0352,Sofia R,Sr Software Engineer,Senior,Engineering,client,Sezzle Prescreening,5,2024-12-25,2025-01-02,8,Hired
CAND-0352,Sofia R,Sr Software Engineer,Senior,Engineering,client,Sezzle Interview,6,2025-01-02,2025-01-05,3,Hired
CAND-0352,Sofia R,Sr Software Engineer,Senior,Engineering,client,Offer,7,2025-01-05,2025-01-12,7,Hired
CAND-0352,Sofia R,Sr Software Engineer,Senior,Engineering,client,Hired,8,2025-01-12,2025-01-14,2,Hired
CAND-0353,Camila P,Sr Software Engineer,Senior,Engineering,remoti,CV Sent,1,2025-06-02,2025-06-04,2,Dropped
CAND-0353,Camila P,Sr Software Engineer,Senior,Engineering,remoti,Remoti Screening,2,2025-06-04,2025-06-11,7,Dropped
CAND-0353,Camila P,Sr Software Engineer,Senior,Engineering,remoti,Test Sent,3,2025-06-11,2025-06-19,8,Dropped
CAND-0353,Camila P,Sr Software Engineer,Senior,Engineering,remoti,Test Reviewed,4,2025-06-19,2025-06-26,7,Dropped
CAND-0353,Camila P,Sr Software Engineer,Senior,Engineering,remoti,Sezzle Prescreening,5,2025-06-26,2025-07-02,6,Dropped
CAND-0354,Sofia R,Mid Software Engineer,Mid,Engineering,remoti,CV Sent,1,2026-02-06,2026-02-07,1,Dropped
CAND-0354,Sofia R,Mid Software Engineer,Mid,Engineering,remoti,Remoti Screening,2,2026-02-07,2026-02-11,4,Dropped
CAND-0355,Diego L,IT Operations,Junior,Operations,remoti,CV Sent,1,2025-05-18,2025-05-22,4,Hired
CAND-0355,Diego L,IT Operations,Junior,Operations,remoti,Remoti Screening,2,2025-05-22,2025-05-25,3,Hired
CAND-0355,Diego L,IT Operations,Junior,Operations,remoti,Test Sent,3,2025-05-25,2025-06-04,10,Hired
CAND-0355,Diego L,IT Operations,Junior,Operations,remoti,Test Reviewed,4,2025-06-04,2025-06-05,1,Hired
CAND-0355,Diego L,IT Operations,Junior,Operations,remoti,Sezzle Prescreening,5,2025-06-05,2025-06-10,5,Hired
CAND-0355,Diego L,IT Operations,Junior,Operations,remoti,Sezzle Interview,6,2025-06-10,2025-06-22,12,Hired
CAND-0355,Diego L,IT Operations,Junior,Operations,remoti,Offer,7,2025-06-22,2025-06-29,7,Hired
CAND-0355,Diego L,IT Operations,Junior,Operations,remoti,Hired,8,2025-06-29,2025-07-01,2,Hired
CAND-0356,Camila P,Sr Software Engineer,Senior,Engineering,remoti,CV Sent,1,2026-03-03,2026-03-06,3,Dropped
CAND-0356,Camila P,Sr Software Engineer,Senior,Engineering,remoti,Remoti Screening,2,2026-03-06,2026-03-10,4,Dropped
CAND-0356,Camila P,Sr Software Engineer,Senior,Engineering,remoti,Test Sent,3,2026-03-10,2026-03-19,9,Dropped
CAND-0356,Camila P,Sr Software Engineer,Senior,Engineering,remoti,Test Reviewed,4,2026-03-19,2026-03-23,4,Dropped
CAND-0357,Juan S,Sr Software Engineer,Senior,Engineering,client,CV Sent,1,2024-04-29,2024-04-30,1,Dropped
CAND-0357,Juan S,Sr Software Engineer,Senior,Engineering,client,Remoti Screening,2,2024-04-30,2024-05-06,6,Dropped
CAND-0357,Juan S,Sr Software Engineer,Senior,Engineering,client,Test Sent,3,2024-05-06,2024-05-12,6,Dropped
CAND-0358,Sofia R,Mobile Engineer,Mid,Engineering,remoti,CV Sent,1,2026-01-31,2026-02-05,5,Hired
CAND-0358,Sofia R,Mobile Engineer,Mid,Engineering,remoti,Remoti Screening,2,2026-02-05,2026-02-11,6,Hired
CAND-0358,Sofia R,Mobile Engineer,Mid,Engineering,remoti,Test Sent,3,2026-02-11,2026-02-17,6,Hired
CAND-0358,Sofia R,Mobile Engineer,Mid,Engineering,remoti,Test Reviewed,4,2026-02-17,2026-02-22,5,Hired
CAND-0358,Sofia R,Mobile Engineer,Mid,Engineering,remoti,Sezzle Prescreening,5,2026-02-22,2026-02-25,3,Hired
CAND-0358,Sofia R,Mobile Engineer,Mid,Engineering,remoti,Sezzle Interview,6,2026-02-25,2026-02-28,3,Hired
CAND-0358,Sofia R,Mobile Engineer,Mid,Engineering,remoti,Offer,7,2026-02-28,2026-03-07,7,Hired
CAND-0358,Sofia R,Mobile Engineer,Mid,Engineering,remoti,Hired,8,2026-03-07,2026-03-09,2,Hired
CAND-0359,Juan S,Sr Software Engineer,Senior,Engineering,remoti,CV Sent,1,2024-02-28,2024-03-03,4,Dropped
CAND-0359,Juan S,Sr Software Engineer,Senior,Engineering,remoti,Remoti Screening,2,2024-03-03,2024-03-05,2,Dropped
CAND-0360,Sofia R,Sr Software Engineer,Senior,Engineering,remoti,CV Sent,1,2025-10-30,2025-11-03,4,Dropped
CAND-0360,Sofia R,Sr Software Engineer,Senior,Engineering,remoti,Remoti Screening,2,2025-11-03,2025-11-08,5,Dropped
CAND-0360,Sofia R,Sr Software Engineer,Senior,Engineering,remoti,Test Sent,3,2025-11-08,2025-11-11,3,Dropped
CAND-0360,Sofia R,Sr Software Engineer,Senior,Engineering,remoti,Test Reviewed,4,2025-11-11,2025-11-15,4,Dropped
CAND-0360,Sofia R,Sr Software Engineer,Senior,Engineering,remoti,Sezzle Prescreening,5,2025-11-15,2025-11-21,6,Dropped
CAND-0361,Sofia R,Sr AI Engineer,Senior,Engineering,remoti,CV Sent,1,2025-06-30,2025-07-03,3,Hired
CAND-0361,Sofia R,Sr AI Engineer,Senior,Engineering,remoti,Remoti Screening,2,2025-07-03,2025-07-08,5,Hired
CAND-0361,Sofia R,Sr AI Engineer,Senior,Engineering,remoti,Test Sent,3,2025-07-08,2025-07-10,2,Hired
CAND-0361,Sofia R,Sr AI Engineer,Senior,Engineering,remoti,Test Reviewed,4,2025-07-10,2025-07-13,3,Hired
CAND-0361,Sofia R,Sr AI Engineer,Senior,Engineering,remoti,Sezzle Prescreening,5,2025-07-13,2025-07-17,4,Hired
CAND-0361,Sofia R,Sr AI Engineer,Senior,Engineering,remoti,Sezzle Interview,6,2025-07-17,2025-07-28,11,Hired
CAND-0361,Sofia R,Sr AI Engineer,Senior,Engineering,remoti,Offer,7,2025-07-28,2025-07-30,2,Hired
CAND-0361,Sofia R,Sr AI Engineer,Senior,Engineering,remoti,Hired,8,2025-07-30,2025-08-01,2,Hired
CAND-0362,Andres M,Sr AI Engineer,Senior,Engineering,remoti,CV Sent,1,2025-02-10,2025-02-12,2,Dropped
CAND-0362,Andres M,Sr AI Engineer,Senior,Engineering,remoti,Remoti Screening,2,2025-02-12,2025-02-17,5,Dropped
CAND-0362,Andres M,Sr AI Engineer,Senior,Engineering,remoti,Test Sent,3,2025-02-17,2025-02-22,5,Dropped
CAND-0362,Andres M,Sr AI Engineer,Senior,Engineering,remoti,Test Reviewed,4,2025-02-22,2025-02-27,5,Dropped
CAND-0363,Andres M,Mobile Engineer,Mid,Engineering,remoti,CV Sent,1,2024-05-25,2024-05-30,5,Hired
CAND-0363,Andres M,Mobile Engineer,Mid,Engineering,remoti,Remoti Screening,2,2024-05-30,2024-06-02,3,Hired
CAND-0363,Andres M,Mobile Engineer,Mid,Engineering,remoti,Test Sent,3,2024-06-02,2024-06-08,6,Hired
CAND-0363,Andres M,Mobile Engineer,Mid,Engineering,remoti,Test Reviewed,4,2024-06-08,2024-06-13,5,Hired
CAND-0363,Andres M,Mobile Engineer,Mid,Engineering,remoti,Sezzle Prescreening,5,2024-06-13,2024-06-18,5,Hired
CAND-0363,Andres M,Mobile Engineer,Mid,Engineering,remoti,Sezzle Interview,6,2024-06-18,2024-06-23,5,Hired
CAND-0363,Andres M,Mobile Engineer,Mid,Engineering,remoti,Offer,7,2024-06-23,2024-06-29,6,Hired
CAND-0363,Andres M,Mobile Engineer,Mid,Engineering,remoti,Hired,8,2024-06-29,2024-07-01,2,Hired
CAND-0364,Juan S,SRE,Senior,Engineering,remoti,CV Sent,1,2024-11-25,2024-11-27,2,Hired
CAND-0364,Juan S,SRE,Senior,Engineering,remoti,Remoti Screening,2,2024-11-27,2024-12-01,4,Hired
CAND-0364,Juan S,SRE,Senior,Engineering,remoti,Test Sent,3,2024-12-01,2024-12-09,8,Hired
CAND-0364,Juan S,SRE,Senior,Engineering,remoti,Test Reviewed,4,2024-12-09,2024-12-12,3,Hired
CAND-0364,Juan S,SRE,Senior,Engineering,remoti,Sezzle Prescreening,5,2024-12-12,2024-12-20,8,Hired
CAND-0364,Juan S,SRE,Senior,Engineering,remoti,Sezzle Interview,6,2024-12-20,2024-12-27,7,Hired
CAND-0364,Juan S,SRE,Senior,Engineering,remoti,Offer,7,2024-12-27,2024-12-30,3,Hired
CAND-0364,Juan S,SRE,Senior,Engineering,remoti,Hired,8,2024-12-30,2024-12-31,1,Hired
CAND-0365,Camila P,Product Manager,Mid,Product,remoti,CV Sent,1,2024-08-28,2024-09-02,5,Dropped
CAND-0365,Camila P,Product Manager,Mid,Product,remoti,Remoti Screening,2,2024-09-02,2024-09-09,7,Dropped
CAND-0366,Camila P,SRE,Senior,Engineering,remoti,CV Sent,1,2025-10-31,2025-11-03,3,Dropped
CAND-0366,Camila P,SRE,Senior,Engineering,remoti,Remoti Screening,2,2025-11-03,2025-11-08,5,Dropped
CAND-0366,Camila P,SRE,Senior,Engineering,remoti,Test Sent,3,2025-11-08,2025-11-12,4,Dropped
CAND-0367,Diego L,Sr AI Engineer,Senior,Engineering,remoti,CV Sent,1,2025-11-22,2025-11-24,2,Dropped
CAND-0367,Diego L,Sr AI Engineer,Senior,Engineering,remoti,Remoti Screening,2,2025-11-24,2025-11-26,2,Dropped
CAND-0368,Valentina C,SRE,Senior,Engineering,client,CV Sent,1,2024-09-13,2024-09-17,4,Hired
CAND-0368,Valentina C,SRE,Senior,Engineering,client,Remoti Screening,2,2024-09-17,2024-09-19,2,Hired
CAND-0368,Valentina C,SRE,Senior,Engineering,client,Test Sent,3,2024-09-19,2024-09-27,8,Hired
CAND-0368,Valentina C,SRE,Senior,Engineering,client,Test Reviewed,4,2024-09-27,2024-10-01,4,Hired
CAND-0368,Valentina C,SRE,Senior,Engineering,client,Sezzle Prescreening,5,2024-10-01,2024-10-08,7,Hired
CAND-0368,Valentina C,SRE,Senior,Engineering,client,Sezzle Interview,6,2024-10-08,2024-10-19,11,Hired
CAND-0368,Valentina C,SRE,Senior,Engineering,client,Offer,7,2024-10-19,2024-10-26,7,Hired
CAND-0368,Valentina C,SRE,Senior,Engineering,client,Hired,8,2024-10-26,2024-10-29,3,Hired
CAND-0369,Sofia R,Mobile Engineer,Mid,Engineering,client,CV Sent,1,2024-09-12,2024-09-17,5,Dropped
CAND-0369,Sofia R,Mobile Engineer,Mid,Engineering,client,Remoti Screening,2,2024-09-17,2024-09-24,7,Dropped
CAND-0370,Diego L,Mid Software Engineer,Mid,Engineering,remoti,CV Sent,1,2024-11-11,2024-11-14,3,Hired
CAND-0370,Diego L,Mid Software Engineer,Mid,Engineering,remoti,Remoti Screening,2,2024-11-14,2024-11-19,5,Hired
CAND-0370,Diego L,Mid Software Engineer,Mid,Engineering,remoti,Test Sent,3,2024-11-19,2024-11-21,2,Hired
CAND-0370,Diego L,Mid Software Engineer,Mid,Engineering,remoti,Test Reviewed,4,2024-11-21,2024-11-23,2,Hired
CAND-0370,Diego L,Mid Software Engineer,Mid,Engineering,remoti,Sezzle Prescreening,5,2024-11-23,2024-11-30,7,Hired
CAND-0370,Diego L,Mid Software Engineer,Mid,Engineering,remoti,Sezzle Interview,6,2024-11-30,2024-12-11,11,Hired
CAND-0370,Diego L,Mid Software Engineer,Mid,Engineering,remoti,Offer,7,2024-12-11,2024-12-17,6,Hired
CAND-0370,Diego L,Mid Software Engineer,Mid,Engineering,remoti,Hired,8,2024-12-17,2024-12-20,3,Hired
CAND-0371,Valentina C,Mobile Engineer,Mid,Engineering,remoti,CV Sent,1,2024-07-06,2024-07-10,4,Dropped
CAND-0371,Valentina C,Mobile Engineer,Mid,Engineering,remoti,Remoti Screening,2,2024-07-10,2024-07-17,7,Dropped
CAND-0371,Valentina C,Mobile Engineer,Mid,Engineering,remoti,Test Sent,3,2024-07-17,2024-07-26,9,Dropped
CAND-0372,Sofia R,Product Designer,Mid,Product,remoti,CV Sent,1,2025-12-28,2026-01-01,4,Dropped
CAND-0372,Sofia R,Product Designer,Mid,Product,remoti,Remoti Screening,2,2026-01-01,2026-01-03,2,Dropped
CAND-0372,Sofia R,Product Designer,Mid,Product,remoti,Test Sent,3,2026-01-03,2026-01-11,8,Dropped
CAND-0372,Sofia R,Product Designer,Mid,Product,remoti,Test Reviewed,4,2026-01-11,2026-01-16,5,Dropped
CAND-0372,Sofia R,Product Designer,Mid,Product,remoti,Sezzle Prescreening,5,2026-01-16,2026-01-19,3,Dropped
CAND-0372,Sofia R,Product Designer,Mid,Product,remoti,Sezzle Interview,6,2026-01-19,2026-01-28,9,Dropped
CAND-0373,Andres M,Fraud Ops,Junior,Operations,remoti,CV Sent,1,2024-06-01,2024-06-03,2,Dropped
CAND-0373,Andres M,Fraud Ops,Junior,Operations,remoti,Remoti Screening,2,2024-06-03,2024-06-05,2,Dropped
CAND-0373,Andres M,Fraud Ops,Junior,Operations,remoti,Test Sent,3,2024-06-05,2024-06-11,6,Dropped
CAND-0373,Andres M,Fraud Ops,Junior,Operations,remoti,Test Reviewed,4,2024-06-11,2024-06-15,4,Dropped
CAND-0373,Andres M,Fraud Ops,Junior,Operations,remoti,Sezzle Prescreening,5,2024-06-15,2024-06-18,3,Dropped
CAND-0374,Valentina C,Product Manager,Mid,Product,remoti,CV Sent,1,2025-05-28,2025-06-01,4,Hired
CAND-0374,Valentina C,Product Manager,Mid,Product,remoti,Remoti Screening,2,2025-06-01,2025-06-03,2,Hired
CAND-0374,Valentina C,Product Manager,Mid,Product,remoti,Test Sent,3,2025-06-03,2025-06-12,9,Hired
CAND-0374,Valentina C,Product Manager,Mid,Product,remoti,Test Reviewed,4,2025-06-12,2025-06-17,5,Hired
CAND-0374,Valentina C,Product Manager,Mid,Product,remoti,Sezzle Prescreening,5,2025-06-17,2025-06-22,5,Hired
CAND-0374,Valentina C,Product Manager,Mid,Product,remoti,Sezzle Interview,6,2025-06-22,2025-06-26,4,Hired
CAND-0374,Valentina C,Product Manager,Mid,Product,remoti,Offer,7,2025-06-26,2025-06-28,2,Hired
CAND-0374,Valentina C,Product Manager,Mid,Product,remoti,Hired,8,2025-06-28,2025-07-01,3,Hired
CAND-0375,Andres M,Product Manager,Mid,Product,remoti,CV Sent,1,2024-06-04,2024-06-05,1,Dropped
CAND-0375,Andres M,Product Manager,Mid,Product,remoti,Remoti Screening,2,2024-06-05,2024-06-07,2,Dropped
CAND-0376,Sofia R,Sr Software Engineer,Senior,Engineering,remoti,CV Sent,1,2025-03-06,2025-03-08,2,Dropped
CAND-0376,Sofia R,Sr Software Engineer,Senior,Engineering,remoti,Remoti Screening,2,2025-03-08,2025-03-12,4,Dropped
CAND-0376,Sofia R,Sr Software Engineer,Senior,Engineering,remoti,Test Sent,3,2025-03-12,2025-03-22,10,Dropped
CAND-0377,Sofia R,Sr AI Engineer,Senior,Engineering,client,CV Sent,1,2024-11-30,2024-12-03,3,Dropped
CAND-0377,Sofia R,Sr AI Engineer,Senior,Engineering,client,Remoti Screening,2,2024-12-03,2024-12-05,2,Dropped
CAND-0377,Sofia R,Sr AI Engineer,Senior,Engineering,client,Test Sent,3,2024-12-05,2024-12-15,10,Dropped
CAND-0378,Diego L,Sr Software Engineer,Senior,Engineering,remoti,CV Sent,1,2025-12-17,2025-12-19,2,Hired
CAND-0378,Diego L,Sr Software Engineer,Senior,Engineering,remoti,Remoti Screening,2,2025-12-19,2025-12-21,2,Hired
CAND-0378,Diego L,Sr Software Engineer,Senior,Engineering,remoti,Test Sent,3,2025-12-21,2025-12-31,10,Hired
CAND-0378,Diego L,Sr Software Engineer,Senior,Engineering,remoti,Test Reviewed,4,2025-12-31,2026-01-04,4,Hired
CAND-0378,Diego L,Sr Software Engineer,Senior,Engineering,remoti,Sezzle Prescreening,5,2026-01-04,2026-01-10,6,Hired
CAND-0378,Diego L,Sr Software Engineer,Senior,Engineering,remoti,Sezzle Interview,6,2026-01-10,2026-01-17,7,Hired
CAND-0378,Diego L,Sr Software Engineer,Senior,Engineering,remoti,Offer,7,2026-01-17,2026-01-21,4,Hired
CAND-0378,Diego L,Sr Software Engineer,Senior,Engineering,remoti,Hired,8,2026-01-21,2026-01-24,3,Hired
CAND-0379,Camila P,Sr AI Engineer,Senior,Engineering,remoti,CV Sent,1,2025-06-20,2025-06-24,4,Dropped
CAND-0379,Camila P,Sr AI Engineer,Senior,Engineering,remoti,Remoti Screening,2,2025-06-24,2025-06-27,3,Dropped
CAND-0379,Camila P,Sr AI Engineer,Senior,Engineering,remoti,Test Sent,3,2025-06-27,2025-07-02,5,Dropped
CAND-0379,Camila P,Sr AI Engineer,Senior,Engineering,remoti,Test Reviewed,4,2025-07-02,2025-07-04,2,Dropped
CAND-0380,Andres M,Product Designer,Mid,Product,client,CV Sent,1,2025-03-04,2025-03-08,4,Dropped
CAND-0381,Andres M,Junior Software Engineer,Junior,Engineering,remoti,CV Sent,1,2024-09-21,2024-09-22,1,Dropped
CAND-0381,Andres M,Junior Software Engineer,Junior,Engineering,remoti,Remoti Screening,2,2024-09-22,2024-09-28,6,Dropped
CAND-0381,Andres M,Junior Software Engineer,Junior,Engineering,remoti,Test Sent,3,2024-09-28,2024-09-30,2,Dropped
CAND-0382,Sofia R,Product Manager,Mid,Product,client,CV Sent,1,2024-07-21,2024-07-24,3,Dropped
CAND-0382,Sofia R,Product Manager,Mid,Product,client,Remoti Screening,2,2024-07-24,2024-07-31,7,Dropped
CAND-0382,Sofia R,Product Manager,Mid,Product,client,Test Sent,3,2024-07-31,2024-08-09,9,Dropped
CAND-0382,Sofia R,Product Manager,Mid,Product,client,Test Reviewed,4,2024-08-09,2024-08-15,6,Dropped
CAND-0383,Diego L,Fraud Ops,Junior,Operations,client,CV Sent,1,2025-03-03,2025-03-04,1,Dropped
CAND-0383,Diego L,Fraud Ops,Junior,Operations,client,Remoti Screening,2,2025-03-04,2025-03-08,4,Dropped
CAND-0383,Diego L,Fraud Ops,Junior,Operations,client,Test Sent,3,2025-03-08,2025-03-15,7,Dropped
CAND-0383,Diego L,Fraud Ops,Junior,Operations,client,Test Reviewed,4,2025-03-15,2025-03-16,1,Dropped
CAND-0384,Valentina C,Sr AI Engineer,Senior,Engineering,client,CV Sent,1,2024-12-17,2024-12-21,4,Dropped
CAND-0384,Valentina C,Sr AI Engineer,Senior,Engineering,client,Remoti Screening,2,2024-12-21,2024-12-24,3,Dropped
CAND-0384,Valentina C,Sr AI Engineer,Senior,Engineering,client,Test Sent,3,2024-12-24,2025-01-01,8,Dropped
CAND-0385,Valentina C,Product Designer,Mid,Product,remoti,CV Sent,1,2025-05-27,2025-05-29,2,Dropped
CAND-0385,Valentina C,Product Designer,Mid,Product,remoti,Remoti Screening,2,2025-05-29,2025-06-02,4,Dropped
CAND-0386,Andres M,IT Operations,Junior,Operations,client,CV Sent,1,2025-04-03,2025-04-08,5,Dropped
CAND-0387,Diego L,Mid Software Engineer,Mid,Engineering,client,CV Sent,1,2025-06-24,2025-06-27,3,Hired
CAND-0387,Diego L,Mid Software Engineer,Mid,Engineering,client,Remoti Screening,2,2025-06-27,2025-06-30,3,Hired
CAND-0387,Diego L,Mid Software Engineer,Mid,Engineering,client,Test Sent,3,2025-06-30,2025-07-03,3,Hired
CAND-0387,Diego L,Mid Software Engineer,Mid,Engineering,client,Test Reviewed,4,2025-07-03,2025-07-08,5,Hired
CAND-0387,Diego L,Mid Software Engineer,Mid,Engineering,client,Sezzle Prescreening,5,2025-07-08,2025-07-11,3,Hired
CAND-0387,Diego L,Mid Software Engineer,Mid,Engineering,client,Sezzle Interview,6,2025-07-11,2025-07-14,3,Hired
CAND-0387,Diego L,Mid Software Engineer,Mid,Engineering,client,Offer,7,2025-07-14,2025-07-21,7,Hired
CAND-0387,Diego L,Mid Software Engineer,Mid,Engineering,client,Hired,8,2025-07-21,2025-07-22,1,Hired
CAND-0388,Juan S,Sr AI Engineer,Senior,Engineering,client,CV Sent,1,2024-04-03,2024-04-06,3,Dropped
CAND-0388,Juan S,Sr AI Engineer,Senior,Engineering,client,Remoti Screening,2,2024-04-06,2024-04-08,2,Dropped
CAND-0389,Valentina C,Data Engineer,Mid,Engineering,remoti,CV Sent,1,2024-08-06,2024-08-09,3,Dropped
CAND-0389,Valentina C,Data Engineer,Mid,Engineering,remoti,Remoti Screening,2,2024-08-09,2024-08-13,4,Dropped
CAND-0389,Valentina C,Data Engineer,Mid,Engineering,remoti,Test Sent,3,2024-08-13,2024-08-20,7,Dropped
CAND-0389,Valentina C,Data Engineer,Mid,Engineering,remoti,Test Reviewed,4,2024-08-20,2024-08-26,6,Dropped
CAND-0390,Camila P,Junior Software Engineer,Junior,Engineering,remoti,CV Sent,1,2024-04-18,2024-04-20,2,Hired
CAND-0390,Camila P,Junior Software Engineer,Junior,Engineering,remoti,Remoti Screening,2,2024-04-20,2024-04-26,6,Hired
CAND-0390,Camila P,Junior Software Engineer,Junior,Engineering,remoti,Test Sent,3,2024-04-26,2024-04-30,4,Hired
CAND-0390,Camila P,Junior Software Engineer,Junior,Engineering,remoti,Test Reviewed,4,2024-04-30,2024-05-07,7,Hired
CAND-0390,Camila P,Junior Software Engineer,Junior,Engineering,remoti,Sezzle Prescreening,5,2024-05-07,2024-05-10,3,Hired
CAND-0390,Camila P,Junior Software Engineer,Junior,Engineering,remoti,Sezzle Interview,6,2024-05-10,2024-05-17,7,Hired
CAND-0390,Camila P,Junior Software Engineer,Junior,Engineering,remoti,Offer,7,2024-05-17,2024-05-21,4,Hired
CAND-0390,Camila P,Junior Software Engineer,Junior,Engineering,remoti,Hired,8,2024-05-21,2024-05-22,1,Hired
CAND-0391,Juan S,Mobile Engineer,Mid,Engineering,remoti,CV Sent,1,2025-01-31,2025-02-01,1,Dropped
CAND-0391,Juan S,Mobile Engineer,Mid,Engineering,remoti,Remoti Screening,2,2025-02-01,2025-02-06,5,Dropped
CAND-0392,Juan S,IT Vendor Manager,Senior,Operations,remoti,CV Sent,1,2025-01-03,2025-01-06,3,Dropped
CAND-0392,Juan S,IT Vendor Manager,Senior,Operations,remoti,Remoti Screening,2,2025-01-06,2025-01-09,3,Dropped
CAND-0392,Juan S,IT Vendor Manager,Senior,Operations,remoti,Test Sent,3,2025-01-09,2025-01-19,10,Dropped
CAND-0393,Juan S,Mid Software Engineer,Mid,Engineering,remoti,CV Sent,1,2025-04-15,2025-04-18,3,Dropped
CAND-0393,Juan S,Mid Software Engineer,Mid,Engineering,remoti,Remoti Screening,2,2025-04-18,2025-04-25,7,Dropped
CAND-0393,Juan S,Mid Software Engineer,Mid,Engineering,remoti,Test Sent,3,2025-04-25,2025-05-04,9,Dropped
CAND-0393,Juan S,Mid Software Engineer,Mid,Engineering,remoti,Test Reviewed,4,2025-05-04,2025-05-06,2,Dropped
CAND-0394,Juan S,Mobile Engineer,Mid,Engineering,client,CV Sent,1,2024-12-08,2024-12-11,3,Dropped
CAND-0394,Juan S,Mobile Engineer,Mid,Engineering,client,Remoti Screening,2,2024-12-11,2024-12-13,2,Dropped
CAND-0395,Valentina C,IT Vendor Manager,Senior,Operations,client,CV Sent,1,2025-09-14,2025-09-19,5,Dropped
CAND-0395,Valentina C,IT Vendor Manager,Senior,Operations,client,Remoti Screening,2,2025-09-19,2025-09-21,2,Dropped
CAND-0395,Valentina C,IT Vendor Manager,Senior,Operations,client,Test Sent,3,2025-09-21,2025-09-24,3,Dropped
CAND-0395,Valentina C,IT Vendor Manager,Senior,Operations,client,Test Reviewed,4,2025-09-24,2025-09-30,6,Dropped
CAND-0396,Andres M,Product Manager,Mid,Product,remoti,CV Sent,1,2025-07-19,2025-07-21,2,Dropped
CAND-0396,Andres M,Product Manager,Mid,Product,remoti,Remoti Screening,2,2025-07-21,2025-07-26,5,Dropped
CAND-0397,Diego L,Mobile Engineer,Mid,Engineering,remoti,CV Sent,1,2024-12-20,2024-12-25,5,Dropped
CAND-0397,Diego L,Mobile Engineer,Mid,Engineering,remoti,Remoti Screening,2,2024-12-25,2024-12-28,3,Dropped
CAND-0397,Diego L,Mobile Engineer,Mid,Engineering,remoti,Test Sent,3,2024-12-28,2024-12-31,3,Dropped
CAND-0397,Diego L,Mobile Engineer,Mid,Engineering,remoti,Test Reviewed,4,2024-12-31,2025-01-06,6,Dropped
CAND-0397,Diego L,Mobile Engineer,Mid,Engineering,remoti,Sezzle Prescreening,5,2025-01-06,2025-01-11,5,Dropped
CAND-0398,Diego L,Junior Software Engineer,Junior,Engineering,remoti,CV Sent,1,2025-02-23,2025-02-24,1,Hired
CAND-0398,Diego L,Junior Software Engineer,Junior,Engineering,remoti,Remoti Screening,2,2025-02-24,2025-03-03,7,Hired
CAND-0398,Diego L,Junior Software Engineer,Junior,Engineering,remoti,Test Sent,3,2025-03-03,2025-03-11,8,Hired
CAND-0398,Diego L,Junior Software Engineer,Junior,Engineering,remoti,Test Reviewed,4,2025-03-11,2025-03-17,6,Hired
CAND-0398,Diego L,Junior Software Engineer,Junior,Engineering,remoti,Sezzle Prescreening,5,2025-03-17,2025-03-19,2,Hired
CAND-0398,Diego L,Junior Software Engineer,Junior,Engineering,remoti,Sezzle Interview,6,2025-03-19,2025-03-24,5,Hired
CAND-0398,Diego L,Junior Software Engineer,Junior,Engineering,remoti,Offer,7,2025-03-24,2025-03-31,7,Hired
CAND-0398,Diego L,Junior Software Engineer,Junior,Engineering,remoti,Hired,8,2025-03-31,2025-04-01,1,Hired
CAND-0399,Valentina C,Mobile Engineer,Mid,Engineering,remoti,CV Sent,1,2025-08-18,2025-08-22,4,Dropped
CAND-0399,Valentina C,Mobile Engineer,Mid,Engineering,remoti,Remoti Screening,2,2025-08-22,2025-08-29,7,Dropped
CAND-0399,Valentina C,Mobile Engineer,Mid,Engineering,remoti,Test Sent,3,2025-08-29,2025-09-04,6,Dropped
CAND-0399,Valentina C,Mobile Engineer,Mid,Engineering,remoti,Test Reviewed,4,2025-09-04,2025-09-10,6,Dropped
CAND-0399,Valentina C,Mobile Engineer,Mid,Engineering,remoti,Sezzle Prescreening,5,2025-09-10,2025-09-15,5,Dropped
CAND-0399,Valentina C,Mobile Engineer,Mid,Engineering,remoti,Sezzle Interview,6,2025-09-15,2025-09-23,8,Dropped
CAND-0399,Valentina C,Mobile Engineer,Mid,Engineering,remoti,Offer,7,2025-09-23,2025-09-29,6,Dropped
CAND-0400,Sofia R,IT Vendor Manager,Senior,Operations,remoti,CV Sent,1,2025-07-20,2025-07-21,1,Dropped
